,Airline,Year,Seat Comfort,Staff Service,Food & Beverages,Inflight Entertainment,Value For Money,Overall Rating,Score
0,Air France,2016,3.375,3.5982142857142856,3.8392857142857144,2.919642857142857,3.205357142857143,5.598214285714286,0.14092046502139882
1,Air France,2017,3.198776758409786,3.4311926605504586,3.2339449541284404,2.9755351681957185,3.05045871559633,5.659021406727829,0.12097411434487337
2,Air France,2018,2.9373219373219377,3.472934472934473,3.4259259259259256,3.4316239316239314,2.6367521367521367,4.505698005698005,0.0909271727081797
3,Air France,2019,2.9025157232704406,3.256289308176101,3.018867924528302,3.3364779874213837,2.6320754716981134,4.589622641509434,0.09591528292750678
4,Air France,2020,2.659090909090909,3.125,2.9545454545454546,3.0795454545454546,2.3636363636363638,4.238636363636363,0.1451800318295562
5,Air France,2021,2.732456140350877,3.0,2.789473684210526,3.100877192982456,2.4298245614035086,3.789473684210526,0.048152787245191814
6,Air France,2022,2.976950354609929,2.9858156028368796,2.882978723404255,2.9326241134751774,2.526595744680851,4.198581560283688,0.07796955758063187
7,Air France,2023,2.7396907216494846,3.1718213058419247,2.7302405498281783,3.0962199312714773,2.4321305841924397,3.981958762886598,0.05701285764852088
8,Air France,2024,2.59375,2.375,2.71875,2.46875,1.84375,3.78125,0.0015562638565736683
9,Air India,2016,3.0606060606060606,2.4545454545454546,2.893939393939394,2.1515151515151514,3.409090909090909,5.7727272727272725,0.13998276879023638
10,Air India,2017,3.4615384615384617,3.212820512820513,2.7282051282051283,2.612820512820513,3.3384615384615386,5.530769230769231,0.13485273408854845
11,Air India,2018,3.217391304347826,3.036231884057971,3.28743961352657,2.5676328502415457,2.4903381642512077,3.7681159420289854,0.05357609100576074
12,Air India,2019,2.7937158469945356,2.7827868852459017,2.9153005464480874,2.579234972677596,2.127049180327869,3.122950819672131,0.01215062497585577
13,Air India,2020,2.5365853658536586,2.5365853658536586,2.7439024390243905,2.4634146341463414,2.0365853658536586,2.8292682926829267,-0.03182973773870987
14,Air India,2021,2.343137254901961,2.5686274509803924,2.4705882352941178,1.8627450980392157,1.6666666666666667,2.156862745098039,-0.057654549456387094
15,Air India,2022,2.105105105105105,2.5112612612612613,2.1906906906906904,1.4962462462462462,2.0795795795795797,3.2537537537537538,-0.009205186187076388
16,Air India,2023,2.0720833333333335,2.488541666666667,2.263333333333333,1.3734375,1.9640625,2.8364583333333333,-0.021666724031216986
17,Air India,2024,2.453488372093023,2.872093023255814,2.7209302325581395,1.5813953488372092,2.36046511627907,3.302325581395349,0.025775968157733798
18,Air New Zealand,2016,3.78125,4.140625,3.0,2.84375,3.78125,6.90625,0.19198954950835145
19,Air New Zealand,2017,3.3278688524590163,3.978142076502732,3.5737704918032787,3.3688524590163933,3.2950819672131146,6.360655737704918,0.15191691815304792
20,Air New Zealand,2018,3.2743589743589747,3.6307692307692307,3.5717948717948715,3.9820512820512817,2.8743589743589744,5.28974358974359,0.1106023445540478
21,Air New Zealand,2019,2.9054054054054053,3.2027027027027026,2.918918918918919,3.5878378378378377,2.385135135135135,4.0,0.04718515374158312
22,Air New Zealand,2020,2.5348837209302326,2.883720930232558,2.2790697674418605,2.7906976744186047,1.9186046511627908,2.895348837209302,0.04984300794395313
23,Air New Zealand,2021,3.1136363636363638,3.0,3.0454545454545454,2.8863636363636362,1.75,2.227272727272727,0.015171933932947058
24,Air New Zealand,2022,2.422222222222222,2.7,2.8555555555555556,2.8222222222222224,1.8444444444444446,3.3444444444444446,0.04992639157713056
25,Air New Zealand,2023,2.830508474576271,2.940677966101695,2.457627118644068,2.6864406779661016,2.0677966101694913,3.440677966101695,0.06125874130297523
26,Air New Zealand,2024,2.7857142857142856,2.7857142857142856,3.142857142857143,3.0,1.8571428571428572,2.857142857142857,-0.06341480866668835
27,Air Tahiti Nui,2016,4.0,4.0,4.0,1.0,1.0,2.0,0.1038809144072302
28,Air Tahiti Nui,2017,2.4,2.0,1.8,2.6,2.0,2.6,0.021706963534549747
29,Air Tahiti Nui,2019,2.3,3.0,2.1,2.4,2.3,3.6,0.10755660774410776
30,Air Tahiti Nui,2020,2.1,2.8,2.2,2.0,1.6,2.8,0.10581538173084226
31,Air Tahiti Nui,2021,2.0,2.75,1.75,2.5,1.25,1.0,-0.08246881373834498
32,Air Tahiti Nui,2022,1.0,3.5,1.0,2.0,1.5,1.0,0.07252018814518814
33,Air Tahiti Nui,2023,3.3333333333333335,3.3333333333333335,3.6666666666666665,2.8333333333333335,2.3333333333333335,3.8333333333333335,0.06844525613275615
34,Air Tahiti Nui,2024,2.0,5.0,3.0,2.0,2.0,7.0,0.2512689075630252
35,Alaska Airlines,2016,4.078947368421052,4.026315789473684,2.5789473684210527,3.0,3.236842105263158,6.026315789473684,0.19924200346723567
36,Alaska Airlines,2017,3.601190476190476,4.0,2.613095238095238,2.9464285714285716,2.6577380952380953,4.657738095238095,0.03740726219158198
37,Alaska Airlines,2018,2.832482993197279,3.2993197278911564,3.336734693877551,1.55187074829932,2.4243197278911564,3.954081632653061,0.07802756662208989
38,Alaska Airlines,2019,2.540204678362573,2.664473684210526,3.078216374269006,2.8808479532163744,2.0665204678362574,3.4451754385964914,0.06519212521670795
39,Alaska Airlines,2020,2.3981481481481484,2.7098765432098766,2.0030864197530867,2.567901234567901,1.9290123456790125,2.867283950617284,0.06333155746936642
40,Alaska Airlines,2021,2.5384615384615383,2.41025641025641,2.141025641025641,2.2435897435897436,1.9935897435897436,2.801282051282051,0.001120892289086624
41,Alaska Airlines,2022,2.1066666666666665,2.4533333333333336,2.2683333333333335,2.12,1.6283333333333334,2.4533333333333336,-0.014547294384645464
42,Alaska Airlines,2023,2.485294117647059,2.7941176470588234,2.3970588235294117,1.9558823529411764,2.2279411764705883,3.448529411764706,0.00813698237568281
43,Alaska Airlines,2024,2.8,3.2,2.8,2.2,2.0,3.6,0.07177041087567404
44,All Nippon Airways,2016,4.230769230769231,4.480769230769231,3.8653846153846154,4.076923076923077,4.076923076923077,7.75,0.21028816755692536
45,All Nippon Airways,2017,4.0,4.517543859649122,4.219298245614035,3.912280701754386,4.4298245614035086,8.526315789473685,0.25522064300743386
46,All Nippon Airways,2018,3.927927927927928,4.635135135135135,3.684684684684685,3.7027027027027026,4.225225225225225,8.198198198198197,0.24822987191174423
47,All Nippon Airways,2019,4.355555555555555,4.555555555555555,4.188888888888889,4.233333333333333,3.9555555555555557,7.433333333333334,0.24689811021402
48,All Nippon Airways,2020,4.5,4.583333333333333,4.0,4.083333333333333,4.5,8.583333333333334,0.31005095988796966
49,All Nippon Airways,2021,3.75,5.0,4.75,2.75,4.0,8.75,0.1598661373348873
50,All Nippon Airways,2022,4.294117647058823,4.764705882352941,4.294117647058823,4.117647058823529,4.470588235294118,8.411764705882353,0.2217280204440587
51,All Nippon Airways,2023,4.285714285714286,4.271428571428571,3.8714285714285714,3.842857142857143,4.057142857142857,7.728571428571429,0.23144470301444484
52,All Nippon Airways,2024,3.142857142857143,3.5714285714285716,3.5714285714285716,3.2857142857142856,2.857142857142857,5.428571428571429,0.15225045192902337
53,American Airlines,2019,2.559340659340659,2.0061477411477413,4.0,1.0,1.590120065120065,2.123361823361823,-0.01534723071676465
54,American Airlines,2020,1.8842794759825328,2.028675400291121,4.0,1.0,1.461863173216885,1.8564046579330422,-0.0003259100446011271
55,American Airlines,2021,1.8430245615104768,1.933459722984371,2.3992510619271186,1.5510856807511737,1.5421986464239985,1.9888930807064609,-0.007404739002724104
56,American Airlines,2022,1.950097357783693,2.118059252686582,1.673824312333629,1.8440069506063297,1.568096223996845,2.1232537217785663,-0.015291696155807251
57,American Airlines,2023,2.0097165991902832,2.148582995951417,1.96140350877193,1.8923751686909582,1.6526315789473685,2.1898110661268557,-0.009675897993140344
58,American Airlines,2024,2.0100574712643677,2.32183908045977,2.2155172413793105,2.1695402298850572,1.5301724137931034,1.8189655172413792,-0.006830472714698632
59,Cathay Pacific Airways,2016,3.8217054263565893,3.8972868217054266,3.5426356589147288,3.9651162790697674,3.612403100775194,7.122093023255814,0.2046154061291108
60,Cathay Pacific Airways,2017,3.912109375,3.9798177083333335,3.5813802083333335,3.8756510416666665,3.6751302083333335,7.223958333333333,0.1730505662155969
61,Cathay Pacific Airways,2018,3.801492819349962,3.763133030990174,3.3253968253968256,4.075774754346183,3.473922902494331,6.50453514739229,0.1731627903950249
62,Cathay Pacific Airways,2019,3.324935400516796,3.198966408268734,2.943152454780362,3.7183462532299743,2.977390180878553,5.118863049095608,0.11102213139672854
63,Cathay Pacific Airways,2020,2.872549019607843,2.9656862745098036,2.2843137254901964,3.068627450980392,2.1911764705882355,3.593137254901961,0.03346595107088776
64,Cathay Pacific Airways,2021,4.0,2.5,2.0,2.5,1.0,1.0,0.10121212121212123
65,Cathay Pacific Airways,2022,2.4,2.8666666666666667,2.4,3.2,2.2,2.4,0.06509471506751348
66,Cathay Pacific Airways,2023,3.4293785310734464,3.348870056497175,3.1129943502824857,3.7796610169491527,3.155367231638418,5.648305084745763,0.14029230916248392
67,Cathay Pacific Airways,2024,3.2,3.9,3.05,4.0,3.05,5.4,0.17984948706269832
68,Copa Airlines,2016,2.875,3.4375,2.625,2.5,3.3125,6.5625,0.16096102547711003
69,Copa Airlines,2017,3.0,2.5714285714285716,3.2857142857142856,2.0,1.2857142857142858,1.9285714285714286,-0.048156929685635515
70,Copa Airlines,2018,2.923076923076923,3.8461538461538463,2.6538461538461537,2.230769230769231,2.576923076923077,3.730769230769231,0.06851723138964311
71,Copa Airlines,2019,2.303030303030303,2.621212121212121,3.378787878787879,2.4242424242424243,2.3181818181818183,3.409090909090909,0.04865325308036046
72,Copa Airlines,2020,2.6363636363636362,3.090909090909091,2.159090909090909,2.227272727272727,1.5454545454545454,2.090909090909091,-0.09886070792983671
73,Copa Airlines,2021,1.9,2.0,2.7,2.1714285714285713,1.6,2.1285714285714286,-0.0290399262643533
74,Copa Airlines,2022,2.1940298507462686,2.3034825870646767,1.7014925373134329,1.7039800995024876,1.572139303482587,2.0870646766169156,-0.04715078457641542
75,Copa Airlines,2023,2.28125,2.78125,2.0,1.921875,2.046875,2.8125,-0.001131865634061173
76,Copa Airlines,2024,2.3333333333333335,3.0,2.3333333333333335,2.6666666666666665,2.3333333333333335,4.0,0.12736577964519144
77,Delta Airlines,2016,3.0064102564102564,3.3525641025641026,3.0128205128205128,3.002136752136752,2.9722222222222223,5.119658119658119,0.08564481685925941
78,Delta Airlines,2017,2.93491124260355,3.3205128205128203,2.92603550295858,2.605522682445759,2.6074950690335306,4.3609467455621305,0.08367442988608623
79,Delta Airlines,2018,2.6284037558685447,2.8896713615023475,2.8507824726134587,2.7984350547730834,2.1752738654147104,3.456181533646322,0.03729947277214173
80,Delta Airlines,2019,2.495982142857143,2.6244791666666667,2.7470238095238098,3.173065476190476,2.127529761904762,3.566294642857143,0.03839903152324104
81,Delta Airlines,2020,2.6624521072796936,3.118773946360153,2.1915708812260535,2.9126436781609195,2.5329501915708814,4.152873563218391,0.08320942127474039
82,Delta Airlines,2021,2.426609848484848,2.7517045454545457,2.8063446969696972,2.75217803030303,1.915151515151515,2.6669507575757576,-0.006865042066250716
83,Delta Airlines,2022,2.4138993710691823,2.6640790655884996,2.275363881401617,2.6940341419586704,1.9553459119496854,3.043584905660377,0.0180872467160921
84,Delta Airlines,2023,2.443421052631579,2.7592105263157896,2.3399122807017543,2.95,2.045175438596491,3.1811403508771927,0.034797884440285747
85,Delta Airlines,2024,2.78125,2.671875,2.40625,2.6875,2.125,3.84375,0.0706334514865514
86,EVA Air,2016,4.34,4.42,3.84,3.78,4.08,7.8,0.24249097617824694
87,EVA Air,2017,4.25,4.543010752688172,3.9650537634408605,3.9139784946236555,4.526881720430108,8.489247311827958,0.28292330277237765
88,EVA Air,2018,4.245454545454545,4.536363636363636,3.9454545454545453,3.6272727272727274,4.245454545454545,8.036363636363637,0.28711550927703333
89,EVA Air,2019,3.86046511627907,4.162790697674419,4.069767441860465,4.104651162790698,3.813953488372093,6.732558139534884,0.19898080312288477
90,EVA Air,2020,4.181818181818182,4.2272727272727275,3.8636363636363638,4.0,3.6818181818181817,7.136363636363637,0.2317329039224411
91,EVA Air,2021,3.8,4.0,4.0,3.8,1.4,2.2,0.017806614020899746
92,EVA Air,2022,3.0625,2.90625,3.09375,3.375,2.8125,4.46875,0.04747066813579046
93,EVA Air,2023,3.5,4.089285714285714,3.8035714285714284,3.5714285714285716,3.607142857142857,6.821428571428571,0.2467822688127188
94,Eithad Airways,2016,3.0179211469534053,3.163082437275986,2.7885304659498207,3.1111111111111107,2.9211469534050183,4.878136200716846,0.09541965182529032
95,Eithad Airways,2017,2.8922902494331066,3.0816326530612246,2.7471655328798184,3.1541950113378685,2.630385487528345,4.082766439909297,0.04875511823009084
96,Eithad Airways,2018,2.5990338164251208,2.3496376811594204,2.3532608695652173,2.8103864734299515,2.2355072463768115,3.4082125603864735,0.0265006248747048
97,Eithad Airways,2019,2.2777777777777777,2.2446428571428574,1.8672619047619048,2.551587301587302,2.0404761904761903,3.143452380952381,-0.00477752720100021
98,Eithad Airways,2020,2.516891891891892,2.6587837837837838,2.4718468468468466,2.7443693693693696,2.045045045045045,3.1092342342342345,0.061135207507393485
99,Eithad Airways,2021,2.969135802469136,2.6296296296296298,2.4444444444444446,2.6666666666666665,1.91358024691358,2.7345679012345676,0.01953884429286605
100,Eithad Airways,2022,2.6923076923076925,2.7564102564102564,2.673076923076923,2.823717948717949,1.9871794871794872,2.8653846153846154,-0.008689822603277794
101,Eithad Airways,2023,2.3095238095238093,2.4084249084249083,2.2435897435897436,2.54029304029304,1.8571428571428572,2.6043956043956045,-0.017149038404035567
102,Eithad Airways,2024,2.65625,2.3020833333333335,2.1666666666666665,1.9270833333333333,1.75,2.0833333333333335,-0.011044206737899284
103,Emirates,2016,3.651761517615176,3.56029810298103,3.452574525745258,4.185636856368564,3.3976964769647697,6.240514905149052,0.18287776652565665
104,Emirates,2017,3.6101254480286737,3.3119175627240143,3.364336917562724,4.124731182795699,3.2455197132616487,5.4418458781362,0.1490589181221215
105,Emirates,2018,3.097670250896057,2.7786738351254483,2.855734767025089,3.7338709677419355,2.539426523297491,4.263440860215054,0.08381993860567394
106,Emirates,2019,3.2063953488372094,2.7325581395348837,2.8362403100775193,3.5843023255813953,2.7567829457364343,4.633720930232558,0.11425851263666137
107,Emirates,2020,3.2077625570776256,2.867579908675799,2.9178082191780823,3.6392694063926943,2.315068493150685,3.7488584474885847,0.061596245019572865
108,Emirates,2021,2.858695652173913,2.847826086956522,2.652173913043478,3.369565217391304,2.369565217391304,3.5543478260869565,0.07056252035323114
109,Emirates,2022,2.72875816993464,2.679738562091503,2.6094771241830066,3.0980392156862746,2.2450980392156863,3.838235294117647,0.04462123322400955
110,Emirates,2023,2.8118279569892475,2.689964157706093,2.650537634408602,3.2329749103942653,2.272401433691756,3.7992831541218637,0.05334151172067622
111,Emirates,2024,2.642857142857143,2.625,2.7142857142857144,2.875,2.0,3.232142857142857,0.0154476320226653
112,Frontier Airlines,2016,5.0,5.0,5.0,1.0,1.2,1.1,0.02175883670926775
113,Frontier Airlines,2017,5.0,5.0,5.0,1.0,1.9646464646464648,2.7055555555555557,0.02213278417178234
114,Frontier Airlines,2018,1.8133545699583435,2.5756350567671324,5.0,1.0,1.5034942416074493,1.8729837458139345,-0.006524364460649611
115,Frontier Airlines,2019,1.3997641509433962,1.8227201257861636,5.0,1.0,1.367138364779874,1.5412735849056605,-0.0364963362114434
116,Frontier Airlines,2020,1.553872053872054,1.632996632996633,5.0,1.0,1.3316498316498318,1.341750841750842,0.005097656395408698
117,Frontier Airlines,2021,1.3343137254901962,1.648474945533769,5.0,1.0,1.3427015250544663,1.3923747276688454,-0.05578321659541847
118,Frontier Airlines,2022,1.3665544608648057,1.6637794198139026,2.0012164750957853,1.030316091954023,1.269879584017515,1.3890613026819925,-0.03490203879746493
119,Frontier Airlines,2023,1.3661483043401863,1.6544939377965209,1.162502196450536,1.0608592514496573,1.2317387102442452,1.3341328413284133,-0.042551999394597965
120,Frontier Airlines,2024,1.2863247863247862,2.0384615384615383,1.1538461538461537,1.0128205128205128,1.311965811965812,1.5042735042735043,-0.030350270722824185
121,Hawaiian Airlines,2016,2.5,3.9,3.25,2.25,2.9,4.8,0.1034730357082531
122,Hawaiian Airlines,2017,2.75,2.7916666666666665,3.0833333333333335,2.0,2.6666666666666665,4.375,0.06809718507960207
123,Hawaiian Airlines,2018,2.4722222222222223,2.5555555555555554,2.2222222222222223,2.736111111111111,2.1666666666666665,3.486111111111111,0.01112682336110222
124,Hawaiian Airlines,2019,2.6714285714285713,3.057142857142857,2.242857142857143,2.3285714285714287,2.157142857142857,3.6142857142857143,0.0338160131481872
125,Hawaiian Airlines,2020,2.28125,3.125,1.875,1.8125,2.5625,3.96875,0.10036897407753
126,Hawaiian Airlines,2021,2.3,2.0,2.775,1.875,1.7,2.0,-0.009752465662985337
127,Hawaiian Airlines,2022,2.5625,2.7589285714285716,2.232142857142857,2.4017857142857144,2.0267857142857144,3.0714285714285716,0.025749664852278423
128,Hawaiian Airlines,2023,2.312962962962963,2.6296296296296293,2.033333333333333,1.9185185185185185,1.9407407407407407,2.6129629629629627,0.022603932225039418
129,Hawaiian Airlines,2024,2.2,2.4,1.6,1.6,1.8,3.0,0.005453968253968244
130,Japan Airlines,2016,4.261904761904762,4.160714285714286,3.7202380952380953,4.017857142857143,4.154761904761904,8.154761904761905,0.26379506564259686
131,Japan Airlines,2017,3.92,4.48,4.04,3.706666666666667,3.853333333333333,7.38,0.24093623216257903
132,Japan Airlines,2018,3.480769230769231,4.076923076923077,3.769230769230769,3.480769230769231,3.2884615384615383,5.8076923076923075,0.1535040990036735
133,Japan Airlines,2019,3.6166666666666667,4.066666666666666,3.6,3.3666666666666667,3.9166666666666665,7.483333333333333,0.19766020661097256
134,Japan Airlines,2020,4.384615384615385,4.538461538461538,4.538461538461538,3.6153846153846154,3.6153846153846154,6.3076923076923075,0.18918706658423196
135,Japan Airlines,2021,4.333333333333333,4.722222222222222,4.611111111111111,4.0,3.7222222222222223,6.777777777777778,0.28638563501939107
136,Japan Airlines,2022,3.9047619047619047,4.285714285714286,3.261904761904762,3.2857142857142856,3.5,6.619047619047619,0.19091965305341416
137,Japan Airlines,2023,3.8,4.126666666666667,3.566666666666667,3.34,3.733333333333333,6.966666666666666,0.16597816872536053
138,Japan Airlines,2024,4.0,5.0,4.0,3.6666666666666665,3.6666666666666665,8.0,0.1750685871668015
139,Jetblue Airways,2016,3.5925925925925926,3.611111111111111,2.0,2.0,2.259259259259259,3.4444444444444446,0.09205706056894639
140,Jetblue Airways,2017,3.633699633699634,3.602564102564102,2.4615384615384617,2.2032967032967035,2.52014652014652,4.075091575091575,0.09230627017757094
141,Jetblue Airways,2018,2.6578171091445424,2.6622418879056045,3.056047197640118,3.2713864306784664,2.2669616519174043,3.3923303834808256,0.03900915960865825
142,Jetblue Airways,2019,2.647342995169082,2.5905797101449277,3.346014492753623,3.538647342995169,2.0531400966183573,3.107487922705314,0.013055786278911321
143,Jetblue Airways,2020,2.7555555555555555,2.6333333333333333,2.422222222222222,2.5,1.8888888888888888,2.7333333333333334,0.05559967842236316
144,Jetblue Airways,2021,2.292857142857143,2.407373271889401,2.5712749615975423,2.7072196620583715,1.5937788018433179,2.026574500768049,-0.026185935534547046
145,Jetblue Airways,2022,2.1647560975609754,2.055853658536585,2.0707723577235773,2.269471544715447,1.5216260162601627,1.9931300813008128,-0.007550399843997021
146,Jetblue Airways,2023,2.032930107526882,2.1794354838709675,2.0248655913978495,2.258736559139785,1.5147849462365592,1.974462365591398,-0.04489928760599333
147,Jetblue Airways,2024,2.9166666666666665,3.0,2.75,3.0833333333333335,1.9166666666666667,2.3333333333333335,0.011876569981537946
148,Korean Air,2016,3.8095238095238093,4.166666666666667,3.9047619047619047,3.7142857142857144,3.5952380952380953,7.190476190476191,0.16521696208597067
149,Korean Air,2017,3.9651162790697674,3.872093023255814,3.7093023255813953,3.5930232558139537,3.755813953488372,6.674418604651163,0.19756487330248484
150,Korean Air,2018,3.5945945945945947,3.77027027027027,3.324324324324324,3.2567567567567566,3.5,6.0675675675675675,0.16758423732142075
151,Korean Air,2019,3.640625,3.671875,3.234375,3.078125,3.625,6.59375,0.21684859262756534
152,Korean Air,2020,3.5625,4.0625,3.6875,3.0625,3.5,6.1875,0.10276405362714888
153,Korean Air,2021,3.5,3.0,4.5,3.0,3.0,5.0,0.06355429292929293
154,Korean Air,2022,3.4444444444444446,3.2222222222222223,2.7777777777777777,3.3333333333333335,2.7777777777777777,5.111111111111111,0.2050822342356159
155,Korean Air,2023,3.6363636363636362,3.8636363636363638,3.727272727272727,3.0,3.5454545454545454,6.909090909090909,0.1727737153235564
156,Korean Air,2024,4.4,4.8,4.4,3.8,4.4,8.8,0.30317923280423276
157,Qatar Airways,2016,3.960244648318043,4.2217125382263,3.8058103975535165,3.9503058103975532,4.0504587155963305,7.52217125382263,0.21408493713329424
158,Qatar Airways,2017,3.9941340782122907,4.394040968342644,3.918715083798883,4.027188081936686,4.000186219739292,7.512011173184358,0.22477820894181683
159,Qatar Airways,2018,4.001986754966887,4.316777041942605,3.86158940397351,3.996026490066225,3.7863134657836643,7.158057395143487,0.21411148529597956
160,Qatar Airways,2019,3.8131163708086784,4.254437869822485,3.782051282051282,4.0276134122287965,3.587771203155819,6.732741617357002,0.19429709307518747
161,Qatar Airways,2020,4.345238095238096,4.532913165266106,4.284313725490196,4.212885154061625,4.123249299719888,8.191176470588236,0.30202045912794484
162,Qatar Airways,2021,4.598705501618123,4.781553398058253,4.689320388349515,4.668284789644013,4.197411003236246,8.210355987055015,0.29354036522974836
163,Qatar Airways,2022,3.93836291913215,4.121104536489152,3.878895463510848,4.2445759368836296,3.56301775147929,6.669230769230769,0.18914031269615536
164,Qatar Airways,2023,3.5976645435244166,4.042993630573249,3.7383227176220806,3.968683651804671,3.4591295116772827,6.605626326963906,0.19774609336625582
165,Qatar Airways,2024,3.8255813953488373,3.8248062015503876,3.798449612403101,3.9054263565891474,3.225581395348837,6.210852713178294,0.1782857474917288
166,Singapore Airlines,2016,3.8829365079365084,4.244047619047619,3.7956349206349205,4.0773809523809526,3.6527777777777777,7.244047619047619,0.1866566421563871
167,Singapore Airlines,2017,3.741120218579235,3.8668032786885247,3.6700819672131146,3.7363387978142075,3.6509562841530054,6.882513661202186,0.18510579069896105
168,Singapore Airlines,2018,3.8406084656084656,4.093915343915344,3.945767195767196,3.9153439153439153,3.7288359788359786,7.268518518518519,0.2106215637945552
169,Singapore Airlines,2019,3.6133966244725735,3.814345991561181,3.5205696202531644,3.9778481012658227,3.4382911392405062,6.582805907172995,0.16879011737777902
170,Singapore Airlines,2020,3.83030303030303,4.115151515151515,3.3151515151515154,3.918181818181818,3.13030303030303,5.445454545454545,0.12595372841291244
171,Singapore Airlines,2021,3.6923076923076925,3.923076923076923,3.8076923076923075,4.076923076923077,2.6538461538461537,4.269230769230769,0.07032140041407042
172,Singapore Airlines,2022,3.2301136363636362,3.4488636363636362,2.8882575757575757,3.6581439393939394,2.660984848484848,4.9081439393939394,0.08060157219261334
173,Singapore Airlines,2023,3.537414965986395,4.078231292517007,3.35374149659864,3.828231292517007,3.16156462585034,5.80952380952381,0.13946155780828665
174,Singapore Airlines,2024,3.3246913580246913,3.887654320987654,3.6037037037037036,3.702469135802469,3.1333333333333333,6.293827160493827,0.18451094676416466
175,Skywest Airlines,2018,4.0,1.0,1.0,1.0,1.0,2.0,-0.0975
176,Skywest Airlines,2020,5.0,4.0,0.0,1.0,3.0,6.0,-0.10500000000000001
177,Skywest Airlines,2023,2.0,5.0,3.0,1.0,5.0,10.0,0.3984375
178,Skywest Airlines,2024,4.0,4.0,3.5,0.5,3.5,6.5,0.5407738095238095
179,Southwest Airlines,2016,2.774193548387097,3.6129032258064515,2.2903225806451615,1.0,3.161290322580645,5.532258064516129,0.07218613855052086
180,Southwest Airlines,2017,3.0205479452054793,3.4954337899543377,2.9954337899543377,1.0,2.7260273972602738,4.2853881278538815,0.07660526833675661
181,Southwest Airlines,2018,2.7111486486486487,3.22972972972973,2.7623873873873874,1.0,2.3845720720720722,3.838400900900901,0.06192086969438816
182,Southwest Airlines,2019,2.4652083333333334,2.823125,2.978645833333333,1.0,2.5816666666666666,4.170208333333333,0.05876697307211883
183,Southwest Airlines,2020,2.645631067961165,3.042071197411003,2.6682847896440127,2.2297734627831716,2.5258899676375406,3.925566343042071,0.048019620584242834
184,Southwest Airlines,2021,2.2183590875643855,2.3671817512877116,2.5068064753495216,2.360007358351729,1.8734363502575424,2.5134289919058133,0.02105133636491551
185,Southwest Airlines,2022,2.1246232670283303,2.6240958408679926,2.0255424954792045,2.1433092224231465,1.9537371910789634,2.6407474382157927,0.021301501113382637
186,Southwest Airlines,2023,2.287301587301587,2.7111111111111112,2.0650793650793653,2.2031746031746033,2.43968253968254,3.7746031746031745,0.05268509266154365
187,Southwest Airlines,2024,2.880952380952381,2.7142857142857144,2.6904761904761907,2.5476190476190474,1.8571428571428572,2.619047619047619,-0.01146254814409576
188,Spirit Airlines,2018,1.8507513661202184,2.0462431693989074,4.0,2.0,1.5744242779078845,2.1160226385636225,-0.03011362772657283
189,Spirit Airlines,2019,1.5103084096900352,1.881201081996135,4.0,2.0,1.5460020446769562,2.020070849841168,-0.01890229682557186
190,Spirit Airlines,2020,1.4245014245014245,1.876068376068376,4.0,2.0,1.8183760683760684,2.534188034188034,0.029533843614135417
191,Spirit Airlines,2021,1.4869731697532527,1.8739520276864674,2.826759593564573,2.0,1.40155107686228,1.7113119936771388,-0.028421339560791903
192,Spirit Airlines,2022,1.434412832929782,1.7766189131019638,1.3129647565240785,1.1778504170029593,1.3968637341942427,1.6429990583804142,-0.04884577432585163
193,Spirit Airlines,2023,1.3852116402116401,1.748832671957672,1.2153389550264548,1.063227513227513,1.3513789682539683,1.5689732142857145,-0.056854270418556264
194,Spirit Airlines,2024,1.2849462365591398,1.7903225806451613,1.3064516129032258,1.1129032258064515,1.4731182795698925,1.6236559139784947,-0.031624893016478875
195,Turkish Airlines,2016,3.003367003367003,3.227272727272727,3.5235690235690234,3.31986531986532,3.739057239057239,6.367003367003368,0.1986933526724999
196,Turkish Airlines,2017,3.4731359649122804,3.763157894736842,3.6398026315789473,3.1036184210526314,3.150219298245614,5.503837719298246,0.11841622497786929
197,Turkish Airlines,2018,2.963235294117647,3.416666666666667,3.6808823529411763,3.7357843137254902,2.6205882352941177,4.140686274509804,0.060833819492423294
198,Turkish Airlines,2019,2.729952830188679,2.7832547169811317,2.9966981132075468,3.2780660377358495,2.3538522012578618,3.547012578616352,0.04603567018480878
199,Turkish Airlines,2020,2.6901709401709404,2.8608262108262106,2.7460113960113963,2.9497150997150996,1.8002849002849002,2.3745014245014247,0.016479692036324732
200,Turkish Airlines,2021,2.475165562913907,2.4415011037527594,2.4266004415011038,2.770971302428256,1.9955849889624724,2.809050772626932,0.010130172211163567
201,Turkish Airlines,2022,2.353921568627451,2.551470588235294,2.65,2.661274509803922,1.9676470588235293,2.743137254901961,0.02137524095345146
202,Turkish Airlines,2023,2.371518987341772,2.538080168776371,2.714451476793249,2.8856540084388187,1.9229957805907172,2.7229957805907175,-0.0007325860811241112
203,Turkish Airlines,2024,2.4574468085106385,2.4432624113475176,2.602836879432624,2.7907801418439715,2.117021276595745,2.8191489361702127,-0.04283814207723734
204,United Airlines,2017,5.0,5.0,5.0,1.0,1.8318181818181818,2.6666666666666665,-0.010802769620798043
205,United Airlines,2018,2.2709031198686374,2.6805090311986866,5.0,1.0,1.7830788177339902,2.504696223316913,-0.017342263268535524
206,United Airlines,2019,2.0292172424525363,2.343039993775288,2.6348583877995644,1.5486928104575162,1.7859010270774975,2.570354808590103,-0.002089612632513281
207,United Airlines,2020,2.3345323741007196,2.4634292565947242,2.004196642685851,2.1139088729016784,1.7428057553956835,2.5695443645083933,0.01903612931489415
208,United Airlines,2021,1.9972757475083056,2.2660575858250276,2.0172535991140643,2.192469545957918,1.5405980066445184,2.012746400885936,-0.020551002434172596
209,United Airlines,2022,2.0606060606060606,2.302020202020202,1.864141414141414,2.0243055555555554,1.6774621212121212,2.5434343434343436,0.0007082300744387626
210,United Airlines,2023,2.099274473737993,2.364817085632536,1.8514612712037606,2.055456774984672,1.7465358675659104,2.5707745759247906,0.002573098272146495
211,United Airlines,2024,2.235815602836879,2.528368794326241,1.8900709219858156,2.143617021276596,2.0425531914893615,2.925531914893617,0.004538550599609016
212,Virgin Atlantic Airways,2016,2.869047619047619,3.4107142857142856,3.2142857142857144,3.267857142857143,3.1785714285714284,5.8690476190476195,0.12975588323014023
213,Virgin Atlantic Airways,2017,3.193548387096774,3.8870967741935485,3.403225806451613,3.8225806451612905,3.217741935483871,5.854838709677419,0.1558288682563948
214,Virgin Atlantic Airways,2018,3.033333333333333,3.7,3.033333333333333,3.3666666666666667,3.2666666666666666,5.7,0.11826026669965452
215,Virgin Atlantic Airways,2019,3.25,3.9047619047619047,3.3452380952380953,3.5,3.25,5.821428571428571,0.14783771932109002
216,Virgin Atlantic Airways,2020,2.7857142857142856,3.857142857142857,3.0714285714285716,2.857142857142857,2.4285714285714284,4.428571428571429,0.09848617465465294
217,Virgin Atlantic Airways,2021,2.888888888888889,3.4444444444444446,2.888888888888889,3.4444444444444446,2.2222222222222223,4.111111111111111,0.05005383668618963
218,Virgin Atlantic Airways,2022,2.8035714285714284,3.1607142857142856,2.357142857142857,2.5892857142857144,2.267857142857143,4.410714285714286,0.04798969438439864
219,Virgin Atlantic Airways,2023,2.90625,3.46875,2.96875,3.0625,2.8125,4.9375,0.10332198147005765
220,Virgin Atlantic Airways,2024,2.4285714285714284,3.2857142857142856,2.7142857142857144,2.142857142857143,2.4285714285714284,5.0,0.08518604333730384
