,Airline,Category,Rating Type,Rating,Count,percentage,percentage_start,percentage_end
0,Singapore Airlines,Food & Beverages,Good,4,238,24.1869918699187,0.0,24.1869918699187
1,Singapore Airlines,Food & Beverages,Neutral,3,155,15.752032520325205,24.186991869918696,39.9390243902439
2,Singapore Airlines,Food & Beverages,Not good,2,102,10.365853658536585,39.9390243902439,50.30487804878049
3,Singapore Airlines,Food & Beverages,Poor,1,145,14.735772357723578,50.304878048780495,65.04065040650407
4,Singapore Airlines,Food & Beverages,Very Good,5,344,34.959349593495936,65.04065040650406,100.0
5,Singapore Airlines,Inflight Entertainment,Good,4,347,35.264227642276424,0.0,35.264227642276424
6,Singapore Airlines,Inflight Entertainment,Neutral,3,146,14.83739837398374,35.264227642276424,50.10162601626016
7,Singapore Airlines,Inflight Entertainment,Not good,2,69,7.01219512195122,50.10162601626016,57.113821138211385
8,Singapore Airlines,Inflight Entertainment,Poor,1,62,6.300813008130081,57.11382113821139,63.41463414634147
9,Singapore Airlines,Inflight Entertainment,Very Good,5,360,36.58536585365854,63.41463414634146,100.0
10,Singapore Airlines,Overall Rating,Good,4,42,12.138728323699421,0.0,12.138728323699421
11,Singapore Airlines,Overall Rating,Neutral,3,51,14.739884393063585,12.138728323699423,26.87861271676301
12,Singapore Airlines,Overall Rating,Not good,2,59,17.052023121387283,26.878612716763012,43.930635838150295
13,Singapore Airlines,Overall Rating,Poor,1,133,38.4393063583815,43.930635838150295,82.3699421965318
14,Singapore Airlines,Overall Rating,Very Good,5,61,17.63005780346821,82.3699421965318,100.0
15,Singapore Airlines,Seat Comfort,Good,4,309,31.402439024390244,0.0,31.402439024390244
16,Singapore Airlines,Seat Comfort,Neutral,3,158,16.056910569105693,31.402439024390244,47.459349593495936
17,Singapore Airlines,Seat Comfort,Not good,2,91,9.247967479674797,47.459349593495936,56.707317073170735
18,Singapore Airlines,Seat Comfort,Poor,1,102,10.365853658536585,56.707317073170735,67.07317073170732
19,Singapore Airlines,Seat Comfort,Very Good,5,324,32.926829268292686,67.07317073170731,100.0
20,Singapore Airlines,Staff Service,Good,4,180,18.29268292682927,0.0,18.29268292682927
21,Singapore Airlines,Staff Service,Neutral,3,124,12.601626016260163,18.29268292682927,30.89430894308943
22,Singapore Airlines,Staff Service,Not good,2,71,7.215447154471545,30.89430894308943,38.109756097560975
23,Singapore Airlines,Staff Service,Poor,1,101,10.264227642276422,38.109756097560975,48.3739837398374
24,Singapore Airlines,Staff Service,Very Good,5,508,51.6260162601626,48.3739837398374,100.0
25,Singapore Airlines,Value For Money,Good,4,242,24.59349593495935,0.0,24.59349593495935
26,Singapore Airlines,Value For Money,Neutral,3,132,13.414634146341465,24.59349593495935,38.00813008130081
27,Singapore Airlines,Value For Money,Not good,2,93,9.451219512195122,38.00813008130081,47.459349593495936
28,Singapore Airlines,Value For Money,Poor,1,190,19.308943089430894,47.45934959349593,66.76829268292683
29,Singapore Airlines,Value For Money,Very Good,5,327,33.23170731707317,66.76829268292683,100.0
0,Qatar Airways,Food & Beverages,Good,4,391,23.62537764350453,0.0,23.62537764350453
1,Qatar Airways,Food & Beverages,Neutral,3,250,15.105740181268882,23.62537764350453,38.73111782477341
2,Qatar Airways,Food & Beverages,Not good,2,140,8.459214501510575,38.73111782477341,47.190332326283986
3,Qatar Airways,Food & Beverages,Poor,1,120,7.250755287009064,47.190332326283986,54.44108761329305
4,Qatar Airways,Food & Beverages,Very Good,5,754,45.55891238670695,54.44108761329305,100.0
5,Qatar Airways,Inflight Entertainment,Good,4,536,32.38670694864048,0.0,32.38670694864048
6,Qatar Airways,Inflight Entertainment,Neutral,3,250,15.105740181268882,32.38670694864048,47.492447129909365
7,Qatar Airways,Inflight Entertainment,Not good,2,82,4.954682779456193,47.492447129909365,52.44712990936556
8,Qatar Airways,Inflight Entertainment,Poor,1,49,2.9607250755287007,52.44712990936556,55.40785498489426
9,Qatar Airways,Inflight Entertainment,Very Good,5,738,44.592145015105736,55.407854984894264,100.0
10,Qatar Airways,Overall Rating,Good,4,66,14.316702819956618,0.0,14.316702819956618
11,Qatar Airways,Overall Rating,Neutral,3,79,17.136659436008678,14.316702819956618,31.453362255965295
12,Qatar Airways,Overall Rating,Not good,2,81,17.570498915401302,31.453362255965295,49.0238611713666
13,Qatar Airways,Overall Rating,Poor,1,144,31.23644251626898,49.02386117136659,80.26030368763557
14,Qatar Airways,Overall Rating,Very Good,5,91,19.739696312364423,80.26030368763557,100.0
15,Qatar Airways,Seat Comfort,Good,4,440,26.586102719033235,0.0,26.586102719033235
16,Qatar Airways,Seat Comfort,Neutral,3,229,13.836858006042297,26.586102719033235,40.422960725075534
17,Qatar Airways,Seat Comfort,Not good,2,127,7.673716012084592,40.422960725075534,48.096676737160124
18,Qatar Airways,Seat Comfort,Poor,1,105,6.3444108761329305,48.096676737160124,54.44108761329306
19,Qatar Airways,Seat Comfort,Very Good,5,754,45.55891238670695,54.44108761329305,100.0
20,Qatar Airways,Staff Service,Good,4,258,15.589123867069487,0.0,15.589123867069487
21,Qatar Airways,Staff Service,Neutral,3,177,10.694864048338369,15.589123867069487,26.283987915407856
22,Qatar Airways,Staff Service,Not good,2,74,4.471299093655589,26.283987915407856,30.755287009063444
23,Qatar Airways,Staff Service,Poor,1,86,5.196374622356496,30.755287009063444,35.95166163141994
24,Qatar Airways,Staff Service,Very Good,5,1060,64.04833836858006,35.95166163141994,100.0
25,Qatar Airways,Value For Money,Good,4,376,22.719033232628398,0.0,22.719033232628398
26,Qatar Airways,Value For Money,Neutral,3,240,14.501510574018129,22.719033232628398,37.220543806646525
27,Qatar Airways,Value For Money,Not good,2,128,7.734138972809667,37.220543806646525,44.95468277945619
28,Qatar Airways,Value For Money,Poor,1,190,11.48036253776435,44.95468277945619,56.43504531722054
29,Qatar Airways,Value For Money,Very Good,5,721,43.56495468277946,56.43504531722054,100.0
0,All Nippon Airways,Food & Beverages,Good,4,49,18.992248062015506,0.0,18.992248062015506
1,All Nippon Airways,Food & Beverages,Neutral,3,32,12.4031007751938,18.992248062015506,31.395348837209305
2,All Nippon Airways,Food & Beverages,Not good,2,23,8.914728682170542,31.395348837209305,40.310077519379846
3,All Nippon Airways,Food & Beverages,Poor,1,16,6.2015503875969,40.310077519379846,46.51162790697674
4,All Nippon Airways,Food & Beverages,Very Good,5,138,53.48837209302325,46.51162790697675,100.0
5,All Nippon Airways,Inflight Entertainment,Good,4,80,31.007751937984494,0.0,31.007751937984494
6,All Nippon Airways,Inflight Entertainment,Neutral,3,57,22.093023255813954,31.007751937984494,53.10077519379845
7,All Nippon Airways,Inflight Entertainment,Not good,2,18,6.976744186046512,53.10077519379845,60.07751937984496
8,All Nippon Airways,Inflight Entertainment,Poor,1,7,2.7131782945736433,60.07751937984496,62.7906976744186
9,All Nippon Airways,Inflight Entertainment,Very Good,5,96,37.2093023255814,62.7906976744186,100.0
10,All Nippon Airways,Overall Rating,Good,4,7,14.893617021276595,0.0,14.893617021276595
11,All Nippon Airways,Overall Rating,Neutral,3,9,19.148936170212767,14.893617021276594,34.04255319148936
12,All Nippon Airways,Overall Rating,Not good,2,7,14.893617021276595,34.04255319148936,48.93617021276596
13,All Nippon Airways,Overall Rating,Poor,1,12,25.53191489361702,48.93617021276595,74.46808510638297
14,All Nippon Airways,Overall Rating,Very Good,5,12,25.53191489361702,74.46808510638297,100.0
15,All Nippon Airways,Seat Comfort,Good,4,75,29.069767441860467,0.0,29.069767441860467
16,All Nippon Airways,Seat Comfort,Neutral,3,33,12.790697674418606,29.069767441860467,41.86046511627907
17,All Nippon Airways,Seat Comfort,Not good,2,11,4.263565891472868,41.86046511627907,46.12403100775194
18,All Nippon Airways,Seat Comfort,Poor,1,12,4.651162790697675,46.12403100775194,50.775193798449614
19,All Nippon Airways,Seat Comfort,Very Good,5,127,49.224806201550386,50.775193798449614,100.0
20,All Nippon Airways,Staff Service,Good,4,38,14.728682170542637,0.0,14.728682170542637
21,All Nippon Airways,Staff Service,Neutral,3,14,5.426356589147287,14.728682170542637,20.155038759689923
22,All Nippon Airways,Staff Service,Not good,2,7,2.7131782945736433,20.155038759689923,22.868217054263567
23,All Nippon Airways,Staff Service,Poor,1,10,3.875968992248062,22.868217054263567,26.74418604651163
24,All Nippon Airways,Staff Service,Very Good,5,189,73.25581395348837,26.74418604651163,100.0
25,All Nippon Airways,Value For Money,Good,4,62,24.031007751937985,0.0,24.031007751937985
26,All Nippon Airways,Value For Money,Neutral,3,24,9.30232558139535,24.031007751937985,33.333333333333336
27,All Nippon Airways,Value For Money,Not good,2,12,4.651162790697675,33.333333333333336,37.98449612403101
28,All Nippon Airways,Value For Money,Poor,1,17,6.5891472868217065,37.98449612403101,44.57364341085272
29,All Nippon Airways,Value For Money,Very Good,5,143,55.42635658914728,44.57364341085272,100.0
0,Emirates,Food & Beverages,Good,4,238,17.423133235724745,0.0,17.423133235724745
1,Emirates,Food & Beverages,Neutral,3,285,20.863836017569547,17.42313323572474,38.28696925329429
2,Emirates,Food & Beverages,Not good,2,223,16.325036603221083,38.28696925329429,54.61200585651537
3,Emirates,Food & Beverages,Poor,1,321,23.49926793557833,54.61200585651537,78.1112737920937
4,Emirates,Food & Beverages,Very Good,5,299,21.888726207906295,78.1112737920937,100.0
5,Emirates,Inflight Entertainment,Good,4,324,23.718887262079065,0.0,23.718887262079065
6,Emirates,Inflight Entertainment,Neutral,3,219,16.03221083455344,23.718887262079065,39.751098096632504
7,Emirates,Inflight Entertainment,Not good,2,128,9.370424597364568,39.751098096632504,49.12152269399707
8,Emirates,Inflight Entertainment,Poor,1,151,11.054172767203514,49.12152269399708,60.17569546120059
9,Emirates,Inflight Entertainment,Very Good,5,544,39.82430453879942,60.17569546120058,100.0
10,Emirates,Overall Rating,Good,4,100,11.7096018735363,0.0,11.7096018735363
11,Emirates,Overall Rating,Neutral,3,117,13.700234192037472,11.709601873536299,25.40983606557377
12,Emirates,Overall Rating,Not good,2,171,20.02341920374707,25.409836065573767,45.43325526932084
13,Emirates,Overall Rating,Poor,1,361,42.27166276346605,45.43325526932083,87.70491803278688
14,Emirates,Overall Rating,Very Good,5,105,12.295081967213115,87.70491803278688,100.0
15,Emirates,Seat Comfort,Good,4,333,24.37774524158126,0.0,24.37774524158126
16,Emirates,Seat Comfort,Neutral,3,302,22.10834553440703,24.37774524158126,46.48609077598829
17,Emirates,Seat Comfort,Not good,2,186,13.616398243045388,46.48609077598829,60.102489019033676
18,Emirates,Seat Comfort,Poor,1,241,17.642752562225475,60.102489019033676,77.74524158125915
19,Emirates,Seat Comfort,Very Good,5,304,22.25475841874085,77.74524158125915,100.0
20,Emirates,Staff Service,Good,4,197,14.421669106881405,0.0,14.421669106881405
21,Emirates,Staff Service,Neutral,3,197,14.421669106881405,14.421669106881405,28.84333821376281
22,Emirates,Staff Service,Not good,2,206,15.080527086383603,28.843338213762806,43.92386530014641
23,Emirates,Staff Service,Poor,1,392,28.69692532942899,43.9238653001464,72.6207906295754
24,Emirates,Staff Service,Very Good,5,374,27.379209370424597,72.6207906295754,100.0
25,Emirates,Value For Money,Good,4,228,16.691068814055637,0.0,16.691068814055637
26,Emirates,Value For Money,Neutral,3,216,15.812591508052709,16.691068814055637,32.503660322108345
27,Emirates,Value For Money,Not good,2,217,15.885797950219619,32.503660322108345,48.389458272327964
28,Emirates,Value For Money,Poor,1,444,32.503660322108345,48.38945827232797,80.89311859443632
29,Emirates,Value For Money,Very Good,5,261,19.106881405563687,80.89311859443632,100.0
0,Japan Airlines,Food & Beverages,Good,4,73,32.30088495575221,0.0,32.30088495575221
1,Japan Airlines,Food & Beverages,Neutral,3,25,11.061946902654867,32.30088495575221,43.36283185840708
2,Japan Airlines,Food & Beverages,Not good,2,14,6.1946902654867255,43.36283185840708,49.557522123893804
3,Japan Airlines,Food & Beverages,Poor,1,28,12.389380530973451,49.557522123893804,61.94690265486726
4,Japan Airlines,Food & Beverages,Very Good,5,86,38.05309734513274,61.94690265486726,100.0
5,Japan Airlines,Inflight Entertainment,Good,4,75,33.1858407079646,0.0,33.1858407079646
6,Japan Airlines,Inflight Entertainment,Neutral,3,60,26.548672566371685,33.1858407079646,59.73451327433629
7,Japan Airlines,Inflight Entertainment,Not good,2,17,7.52212389380531,59.73451327433629,67.2566371681416
8,Japan Airlines,Inflight Entertainment,Poor,1,17,7.52212389380531,67.2566371681416,74.77876106194691
9,Japan Airlines,Inflight Entertainment,Very Good,5,57,25.221238938053098,74.77876106194691,100.0
10,Japan Airlines,Overall Rating,Good,4,8,13.333333333333334,0.0,13.333333333333334
11,Japan Airlines,Overall Rating,Neutral,3,12,20.0,13.333333333333336,33.333333333333336
12,Japan Airlines,Overall Rating,Not good,2,7,11.666666666666666,33.333333333333336,45.0
13,Japan Airlines,Overall Rating,Poor,1,22,36.666666666666664,44.99999999999999,81.66666666666666
14,Japan Airlines,Overall Rating,Very Good,5,11,18.333333333333332,81.66666666666666,99.99999999999999
15,Japan Airlines,Seat Comfort,Good,4,69,30.53097345132743,0.0,30.53097345132743
16,Japan Airlines,Seat Comfort,Neutral,3,33,14.601769911504425,30.530973451327426,45.13274336283185
17,Japan Airlines,Seat Comfort,Not good,2,14,6.1946902654867255,45.13274336283185,51.32743362831858
18,Japan Airlines,Seat Comfort,Poor,1,18,7.964601769911504,51.32743362831858,59.292035398230084
19,Japan Airlines,Seat Comfort,Very Good,5,92,40.707964601769916,59.292035398230084,100.0
20,Japan Airlines,Staff Service,Good,4,41,18.141592920353983,0.0,18.141592920353983
21,Japan Airlines,Staff Service,Neutral,3,19,8.4070796460177,18.141592920353983,26.548672566371682
22,Japan Airlines,Staff Service,Not good,2,8,3.5398230088495577,26.54867256637168,30.088495575221238
23,Japan Airlines,Staff Service,Poor,1,15,6.637168141592921,30.088495575221238,36.72566371681416
24,Japan Airlines,Staff Service,Very Good,5,143,63.27433628318584,36.72566371681416,100.0
25,Japan Airlines,Value For Money,Good,4,61,26.991150442477874,0.0,26.991150442477874
26,Japan Airlines,Value For Money,Neutral,3,37,16.371681415929203,26.991150442477874,43.36283185840708
27,Japan Airlines,Value For Money,Not good,2,11,4.867256637168142,43.36283185840708,48.23008849557522
28,Japan Airlines,Value For Money,Poor,1,27,11.946902654867257,48.23008849557522,60.176991150442475
29,Japan Airlines,Value For Money,Very Good,5,90,39.823008849557525,60.176991150442475,100.0
0,Turkish Airlines,Food & Beverages,Good,4,288,16.87170474516696,0.0,16.87170474516696
1,Turkish Airlines,Food & Beverages,Neutral,3,350,20.50380785002929,16.87170474516696,37.37551259519625
2,Turkish Airlines,Food & Beverages,Not good,2,264,15.465729349736378,37.37551259519625,52.84124194493263
3,Turkish Airlines,Food & Beverages,Poor,1,402,23.550087873462214,52.84124194493262,76.39132981839484
4,Turkish Airlines,Food & Beverages,Very Good,5,403,23.608670181605156,76.39132981839484,100.0
5,Turkish Airlines,Inflight Entertainment,Good,4,356,20.855301698886937,0.0,20.855301698886937
6,Turkish Airlines,Inflight Entertainment,Neutral,3,396,23.198594024604567,20.85530169888694,44.05389572349151
7,Turkish Airlines,Inflight Entertainment,Not good,2,242,14.176918570591681,44.05389572349151,58.23081429408319
8,Turkish Airlines,Inflight Entertainment,Poor,1,353,20.679554774458115,58.23081429408319,78.9103690685413
9,Turkish Airlines,Inflight Entertainment,Very Good,5,360,21.0896309314587,78.9103690685413,100.0
10,Turkish Airlines,Overall Rating,Good,4,67,5.487305487305488,0.0,5.487305487305488
11,Turkish Airlines,Overall Rating,Neutral,3,137,11.22031122031122,5.487305487305488,16.707616707616708
12,Turkish Airlines,Overall Rating,Not good,2,200,16.38001638001638,16.707616707616708,33.08763308763309
13,Turkish Airlines,Overall Rating,Poor,1,755,61.83456183456183,33.08763308763309,94.92219492219492
14,Turkish Airlines,Overall Rating,Very Good,5,62,5.077805077805078,94.92219492219492,100.0
15,Turkish Airlines,Seat Comfort,Good,4,346,20.26947861745753,0.0,20.26947861745753
16,Turkish Airlines,Seat Comfort,Neutral,3,390,22.847100175746924,20.26947861745753,43.116578793204454
17,Turkish Airlines,Seat Comfort,Not good,2,304,17.809021675454012,43.116578793204454,60.925600468658466
18,Turkish Airlines,Seat Comfort,Poor,1,455,26.65495020503808,60.92560046865847,87.58055067369655
19,Turkish Airlines,Seat Comfort,Very Good,5,212,12.419449326303457,87.58055067369654,100.0
20,Turkish Airlines,Staff Service,Good,4,310,18.160515524311656,0.0,18.160515524311656
21,Turkish Airlines,Staff Service,Neutral,3,290,16.988869361452842,18.160515524311656,35.1493848857645
22,Turkish Airlines,Staff Service,Not good,2,244,14.294083186877563,35.1493848857645,49.44346807264206
23,Turkish Airlines,Staff Service,Poor,1,494,28.939660222612773,49.44346807264206,78.38312829525483
24,Turkish Airlines,Staff Service,Very Good,5,369,21.616871704745165,78.38312829525483,100.0
25,Turkish Airlines,Value For Money,Good,4,166,9.724663151728178,0.0,9.724663151728178
26,Turkish Airlines,Value For Money,Neutral,3,203,11.892208553016989,9.724663151728176,21.616871704745165
27,Turkish Airlines,Value For Money,Not good,2,235,13.766842413591096,21.61687170474516,35.38371411833626
28,Turkish Airlines,Value For Money,Poor,1,791,46.338605741066196,35.383714118336265,81.72231985940246
29,Turkish Airlines,Value For Money,Very Good,5,312,18.27768014059754,81.72231985940246,100.0
0,Air France,Food & Beverages,Good,4,178,22.02970297029703,0.0,22.02970297029703
1,Air France,Food & Beverages,Neutral,3,152,18.81188118811881,22.02970297029703,40.84158415841584
2,Air France,Food & Beverages,Not good,2,109,13.490099009900991,40.84158415841584,54.33168316831683
3,Air France,Food & Beverages,Poor,1,182,22.524752475247524,54.33168316831683,76.85643564356435
4,Air France,Food & Beverages,Very Good,5,187,23.143564356435643,76.85643564356435,100.0
5,Air France,Inflight Entertainment,Good,4,201,24.937965260545905,0.0,24.937965260545905
6,Air France,Inflight Entertainment,Neutral,3,188,23.325062034739457,24.937965260545905,48.26302729528536
7,Air France,Inflight Entertainment,Not good,2,112,13.895781637717123,48.26302729528536,62.15880893300248
8,Air France,Inflight Entertainment,Poor,1,147,18.23821339950372,62.158808933002476,80.3970223325062
9,Air France,Inflight Entertainment,Very Good,5,158,19.602977667493796,80.3970223325062,100.0
10,Air France,Overall Rating,Good,4,37,7.708333333333334,0.0,7.708333333333334
11,Air France,Overall Rating,Neutral,3,55,11.458333333333332,7.708333333333332,19.166666666666664
12,Air France,Overall Rating,Not good,2,100,20.833333333333336,19.166666666666664,40.0
13,Air France,Overall Rating,Poor,1,256,53.333333333333336,40.00000000000001,93.33333333333334
14,Air France,Overall Rating,Very Good,5,32,6.666666666666667,93.33333333333334,100.00000000000001
15,Air France,Seat Comfort,Good,4,178,22.02970297029703,0.0,22.02970297029703
16,Air France,Seat Comfort,Neutral,3,196,24.257425742574256,22.02970297029703,46.28712871287129
17,Air France,Seat Comfort,Not good,2,120,14.85148514851485,46.28712871287128,61.13861386138613
18,Air France,Seat Comfort,Poor,1,188,23.26732673267327,61.13861386138613,84.4059405940594
19,Air France,Seat Comfort,Very Good,5,126,15.594059405940595,84.4059405940594,100.0
20,Air France,Staff Service,Good,4,155,19.183168316831683,0.0,19.183168316831683
21,Air France,Staff Service,Neutral,3,117,14.480198019801978,19.18316831683168,33.66336633663366
22,Air France,Staff Service,Not good,2,85,10.51980198019802,33.66336633663366,44.183168316831676
23,Air France,Staff Service,Poor,1,190,23.51485148514851,44.18316831683168,67.6980198019802
24,Air France,Staff Service,Very Good,5,261,32.301980198019805,67.6980198019802,100.0
25,Air France,Value For Money,Good,4,114,14.108910891089108,0.0,14.108910891089108
26,Air France,Value For Money,Neutral,3,102,12.623762376237623,14.108910891089108,26.73267326732673
27,Air France,Value For Money,Not good,2,102,12.623762376237623,26.73267326732673,39.35643564356435
28,Air France,Value For Money,Poor,1,317,39.23267326732673,39.35643564356435,78.58910891089108
29,Air France,Value For Money,Very Good,5,173,21.41089108910891,78.58910891089108,100.0
0,Cathay Pacific Airways,Food & Beverages,Good,4,183,24.46524064171123,0.0,24.46524064171123
1,Cathay Pacific Airways,Food & Beverages,Neutral,3,140,18.71657754010695,24.46524064171123,43.18181818181818
2,Cathay Pacific Airways,Food & Beverages,Not good,2,99,13.23529411764706,43.18181818181818,56.41711229946524
3,Cathay Pacific Airways,Food & Beverages,Poor,1,139,18.58288770053476,56.417112299465245,75.0
4,Cathay Pacific Airways,Food & Beverages,Very Good,5,187,25.0,75.0,100.0
5,Cathay Pacific Airways,Inflight Entertainment,Good,4,247,33.02139037433155,0.0,33.02139037433155
6,Cathay Pacific Airways,Inflight Entertainment,Neutral,3,143,19.11764705882353,33.02139037433155,52.13903743315508
7,Cathay Pacific Airways,Inflight Entertainment,Not good,2,47,6.283422459893048,52.13903743315508,58.42245989304813
8,Cathay Pacific Airways,Inflight Entertainment,Poor,1,52,6.951871657754011,58.42245989304813,65.37433155080214
9,Cathay Pacific Airways,Inflight Entertainment,Very Good,5,259,34.62566844919786,65.37433155080214,100.0
10,Cathay Pacific Airways,Overall Rating,Good,4,40,13.245033112582782,0.0,13.245033112582782
11,Cathay Pacific Airways,Overall Rating,Neutral,3,53,17.549668874172188,13.245033112582782,30.79470198675497
12,Cathay Pacific Airways,Overall Rating,Not good,2,53,17.549668874172188,30.79470198675497,48.34437086092716
13,Cathay Pacific Airways,Overall Rating,Poor,1,104,34.437086092715234,48.34437086092716,82.78145695364239
14,Cathay Pacific Airways,Overall Rating,Very Good,5,52,17.218543046357617,82.78145695364239,100.0
15,Cathay Pacific Airways,Seat Comfort,Good,4,210,28.07486631016043,0.0,28.07486631016043
16,Cathay Pacific Airways,Seat Comfort,Neutral,3,148,19.786096256684495,28.07486631016043,47.860962566844925
17,Cathay Pacific Airways,Seat Comfort,Not good,2,71,9.491978609625669,47.860962566844925,57.352941176470594
18,Cathay Pacific Airways,Seat Comfort,Poor,1,79,10.56149732620321,57.352941176470594,67.9144385026738
19,Cathay Pacific Airways,Seat Comfort,Very Good,5,240,32.0855614973262,67.91443850267379,100.0
20,Cathay Pacific Airways,Staff Service,Good,4,155,20.72192513368984,0.0,20.72192513368984
21,Cathay Pacific Airways,Staff Service,Neutral,3,102,13.636363636363635,20.721925133689844,34.35828877005348
22,Cathay Pacific Airways,Staff Service,Not good,2,83,11.096256684491978,34.35828877005348,45.45454545454545
23,Cathay Pacific Airways,Staff Service,Poor,1,107,14.304812834224597,45.45454545454545,59.75935828877005
24,Cathay Pacific Airways,Staff Service,Very Good,5,301,40.24064171122995,59.75935828877005,100.0
25,Cathay Pacific Airways,Value For Money,Good,4,182,24.331550802139038,0.0,24.331550802139038
26,Cathay Pacific Airways,Value For Money,Neutral,3,123,16.443850267379677,24.331550802139038,40.775401069518715
27,Cathay Pacific Airways,Value For Money,Not good,2,85,11.363636363636363,40.77540106951872,52.13903743315508
28,Cathay Pacific Airways,Value For Money,Poor,1,141,18.850267379679146,52.13903743315509,70.98930481283423
29,Cathay Pacific Airways,Value For Money,Very Good,5,217,29.010695187165776,70.98930481283423,100.00000000000001
0,EVA Air,Food & Beverages,Good,4,73,25.97864768683274,0.0,25.97864768683274
1,EVA Air,Food & Beverages,Neutral,3,49,17.437722419928825,25.978647686832737,43.41637010676156
2,EVA Air,Food & Beverages,Not good,2,15,5.338078291814947,43.41637010676156,48.75444839857651
3,EVA Air,Food & Beverages,Poor,1,25,8.896797153024911,48.75444839857651,57.65124555160142
4,EVA Air,Food & Beverages,Very Good,5,119,42.34875444839858,57.65124555160142,100.0
5,EVA Air,Inflight Entertainment,Good,4,90,32.028469750889684,0.0,32.028469750889684
6,EVA Air,Inflight Entertainment,Neutral,3,55,19.572953736654807,32.028469750889684,51.601423487544494
7,EVA Air,Inflight Entertainment,Not good,2,16,5.6939501779359425,51.601423487544494,57.29537366548044
8,EVA Air,Inflight Entertainment,Poor,1,20,7.11743772241993,57.29537366548045,64.41281138790038
9,EVA Air,Inflight Entertainment,Very Good,5,100,35.587188612099645,64.41281138790038,100.00000000000003
10,EVA Air,Overall Rating,Good,4,8,12.121212121212121,0.0,12.121212121212121
11,EVA Air,Overall Rating,Neutral,3,10,15.151515151515152,12.121212121212121,27.272727272727273
12,EVA Air,Overall Rating,Not good,2,9,13.636363636363635,27.272727272727273,40.90909090909091
13,EVA Air,Overall Rating,Poor,1,24,36.36363636363637,40.909090909090914,77.27272727272728
14,EVA Air,Overall Rating,Very Good,5,15,22.727272727272727,77.27272727272728,100.0
15,EVA Air,Seat Comfort,Good,4,85,30.2491103202847,0.0,30.2491103202847
16,EVA Air,Seat Comfort,Neutral,3,38,13.523131672597867,30.249110320284704,43.77224199288257
17,EVA Air,Seat Comfort,Not good,2,17,6.049822064056939,43.77224199288257,49.82206405693951
18,EVA Air,Seat Comfort,Poor,1,16,5.6939501779359425,49.82206405693951,55.516014234875456
19,EVA Air,Seat Comfort,Very Good,5,125,44.48398576512456,55.516014234875456,100.00000000000001
20,EVA Air,Staff Service,Good,4,61,21.70818505338078,0.0,21.70818505338078
21,EVA Air,Staff Service,Neutral,3,21,7.473309608540925,21.70818505338078,29.181494661921704
22,EVA Air,Staff Service,Not good,2,16,5.6939501779359425,29.181494661921707,34.87544483985765
23,EVA Air,Staff Service,Poor,1,14,4.98220640569395,34.87544483985765,39.8576512455516
24,EVA Air,Staff Service,Very Good,5,169,60.14234875444839,39.85765124555161,100.0
25,EVA Air,Value For Money,Good,4,62,22.064056939501782,0.0,22.064056939501782
26,EVA Air,Value For Money,Neutral,3,39,13.87900355871886,22.064056939501786,35.943060498220646
27,EVA Air,Value For Money,Not good,2,18,6.405693950177936,35.943060498220646,42.34875444839858
28,EVA Air,Value For Money,Poor,1,22,7.829181494661921,42.34875444839858,50.177935943060504
29,EVA Air,Value For Money,Very Good,5,140,49.8220640569395,50.1779359430605,100.0
0,Korean Air,Food & Beverages,Good,4,52,27.513227513227513,0.0,27.513227513227513
1,Korean Air,Food & Beverages,Neutral,3,38,20.105820105820104,27.513227513227516,47.61904761904762
2,Korean Air,Food & Beverages,Not good,2,15,7.936507936507936,47.61904761904762,55.55555555555556
3,Korean Air,Food & Beverages,Poor,1,25,13.227513227513226,55.55555555555556,68.78306878306879
4,Korean Air,Food & Beverages,Very Good,5,59,31.216931216931215,68.78306878306879,100.0
5,Korean Air,Inflight Entertainment,Good,4,62,32.804232804232804,0.0,32.804232804232804
6,Korean Air,Inflight Entertainment,Neutral,3,45,23.809523809523807,32.8042328042328,56.61375661375661
7,Korean Air,Inflight Entertainment,Not good,2,23,12.16931216931217,56.6137566137566,68.78306878306877
8,Korean Air,Inflight Entertainment,Poor,1,22,11.64021164021164,68.78306878306876,80.4232804232804
9,Korean Air,Inflight Entertainment,Very Good,5,37,19.576719576719576,80.4232804232804,99.99999999999997
10,Korean Air,Overall Rating,Good,4,8,12.903225806451612,0.0,12.903225806451612
11,Korean Air,Overall Rating,Neutral,3,9,14.516129032258066,12.903225806451614,27.41935483870968
12,Korean Air,Overall Rating,Not good,2,13,20.967741935483872,27.41935483870968,48.38709677419355
13,Korean Air,Overall Rating,Poor,1,28,45.16129032258064,48.38709677419355,93.54838709677419
14,Korean Air,Overall Rating,Very Good,5,4,6.451612903225806,93.54838709677419,100.0
15,Korean Air,Seat Comfort,Good,4,59,31.216931216931215,0.0,31.216931216931215
16,Korean Air,Seat Comfort,Neutral,3,29,15.343915343915343,31.216931216931215,46.56084656084656
17,Korean Air,Seat Comfort,Not good,2,16,8.465608465608465,46.56084656084656,55.026455026455025
18,Korean Air,Seat Comfort,Poor,1,20,10.582010582010582,55.026455026455025,65.60846560846561
19,Korean Air,Seat Comfort,Very Good,5,65,34.39153439153439,65.60846560846561,100.0
20,Korean Air,Staff Service,Good,4,40,21.164021164021165,0.0,21.164021164021165
21,Korean Air,Staff Service,Neutral,3,15,7.936507936507936,21.164021164021165,29.1005291005291
22,Korean Air,Staff Service,Not good,2,14,7.4074074074074066,29.1005291005291,36.507936507936506
23,Korean Air,Staff Service,Poor,1,26,13.756613756613756,36.507936507936506,50.264550264550266
24,Korean Air,Staff Service,Very Good,5,94,49.735449735449734,50.264550264550266,100.0
25,Korean Air,Value For Money,Good,4,47,24.867724867724867,0.0,24.867724867724867
26,Korean Air,Value For Money,Neutral,3,23,12.16931216931217,24.867724867724867,37.03703703703704
27,Korean Air,Value For Money,Not good,2,20,10.582010582010582,37.03703703703704,47.61904761904762
28,Korean Air,Value For Money,Poor,1,29,15.343915343915343,47.61904761904762,62.96296296296296
29,Korean Air,Value For Money,Very Good,5,70,37.03703703703704,62.96296296296296,100.0
0,Delta Airlines,Food & Beverages,Good,4,357,16.19047619047619,0.0,16.19047619047619
1,Delta Airlines,Food & Beverages,Neutral,3,448,20.317460317460316,16.19047619047619,36.507936507936506
2,Delta Airlines,Food & Beverages,Not good,2,327,14.829931972789115,36.507936507936506,51.33786848072562
3,Delta Airlines,Food & Beverages,Poor,1,736,33.378684807256235,51.33786848072562,84.71655328798185
4,Delta Airlines,Food & Beverages,Very Good,5,337,15.28344671201814,84.71655328798187,100.0
5,Delta Airlines,Inflight Entertainment,Good,4,404,18.74709976798144,0.0,18.74709976798144
6,Delta Airlines,Inflight Entertainment,Neutral,3,439,20.37122969837587,18.74709976798144,39.11832946635731
7,Delta Airlines,Inflight Entertainment,Not good,2,211,9.791183294663574,39.11832946635731,48.909512761020885
8,Delta Airlines,Inflight Entertainment,Poor,1,625,29.00232018561485,48.90951276102089,77.91183294663574
9,Delta Airlines,Inflight Entertainment,Very Good,5,476,22.08816705336427,77.91183294663574,100.00000000000001
10,Delta Airlines,Overall Rating,Good,4,66,3.912270302311796,0.0,3.912270302311796
11,Delta Airlines,Overall Rating,Neutral,3,159,9.42501481920569,3.9122703023117964,13.337285121517487
12,Delta Airlines,Overall Rating,Not good,2,281,16.65678719620628,13.337285121517489,29.99407231772377
13,Delta Airlines,Overall Rating,Poor,1,1114,66.03438055720213,29.994072317723777,96.0284528749259
14,Delta Airlines,Overall Rating,Very Good,5,67,3.9715471250740957,96.0284528749259,100.0
15,Delta Airlines,Seat Comfort,Good,4,335,15.056179775280897,0.0,15.056179775280897
16,Delta Airlines,Seat Comfort,Neutral,3,464,20.853932584269664,15.056179775280896,35.91011235955056
17,Delta Airlines,Seat Comfort,Not good,2,314,14.112359550561798,35.91011235955056,50.02247191011236
18,Delta Airlines,Seat Comfort,Poor,1,809,36.359550561797754,50.022471910112365,86.38202247191012
19,Delta Airlines,Seat Comfort,Very Good,5,303,13.617977528089886,86.38202247191012,100.0
20,Delta Airlines,Staff Service,Good,4,344,15.46067415730337,0.0,15.46067415730337
21,Delta Airlines,Staff Service,Neutral,3,334,15.01123595505618,15.46067415730337,30.47191011235955
22,Delta Airlines,Staff Service,Not good,2,243,10.921348314606742,30.47191011235955,41.39325842696629
23,Delta Airlines,Staff Service,Poor,1,774,34.78651685393259,41.39325842696629,76.17977528089888
24,Delta Airlines,Staff Service,Very Good,5,530,23.820224719101123,76.17977528089888,100.0
25,Delta Airlines,Value For Money,Good,4,183,8.224719101123595,0.0,8.224719101123595
26,Delta Airlines,Value For Money,Neutral,3,211,9.483146067415731,8.224719101123597,17.70786516853933
27,Delta Airlines,Value For Money,Not good,2,268,12.04494382022472,17.70786516853933,29.75280898876405
28,Delta Airlines,Value For Money,Poor,1,1233,55.41573033707865,29.752808988764052,85.1685393258427
29,Delta Airlines,Value For Money,Very Good,5,330,14.831460674157304,85.1685393258427,100.0
0,Spirit Airlines,Food & Beverages,Good,4,1538,51.35225375626044,0.0,51.35225375626044
1,Spirit Airlines,Food & Beverages,Neutral,3,58,1.9365609348914858,51.35225375626044,53.28881469115193
2,Spirit Airlines,Food & Beverages,Not good,2,83,2.7712854757929883,53.28881469115193,56.06010016694491
3,Spirit Airlines,Food & Beverages,Poor,1,1284,42.87145242070117,56.06010016694491,98.93155258764608
4,Spirit Airlines,Food & Beverages,Very Good,5,32,1.0684474123539232,98.93155258764608,100.0
5,Spirit Airlines,Inflight Entertainment,Good,4,4,0.1335559265442404,0.0,0.1335559265442404
6,Spirit Airlines,Inflight Entertainment,Neutral,3,18,0.6010016694490818,0.13355592654424042,0.7345575959933223
7,Spirit Airlines,Inflight Entertainment,Not good,2,1830,61.101836393989984,0.7345575959933228,61.83639398998331
8,Spirit Airlines,Inflight Entertainment,Poor,1,1139,38.03005008347245,61.836393989983314,99.86644407345577
9,Spirit Airlines,Inflight Entertainment,Very Good,5,4,0.1335559265442404,99.86644407345577,100.00000000000001
10,Spirit Airlines,Overall Rating,Good,4,31,1.1252268602540834,0.0,1.1252268602540834
11,Spirit Airlines,Overall Rating,Neutral,3,70,2.540834845735027,1.1252268602540836,3.6660617059891107
12,Spirit Airlines,Overall Rating,Not good,2,226,8.203266787658803,3.66606170598911,11.869328493647913
13,Spirit Airlines,Overall Rating,Poor,1,2415,87.65880217785845,11.869328493647913,99.52813067150636
14,Spirit Airlines,Overall Rating,Very Good,5,13,0.47186932849364793,99.52813067150636,100.00000000000001
15,Spirit Airlines,Seat Comfort,Good,4,81,2.7045075125208684,0.0,2.7045075125208684
16,Spirit Airlines,Seat Comfort,Neutral,3,205,6.844741235392321,2.704507512520869,9.54924874791319
17,Spirit Airlines,Seat Comfort,Not good,2,611,20.400667779632723,9.54924874791319,29.949916527545913
18,Spirit Airlines,Seat Comfort,Poor,1,2024,67.57929883138564,29.94991652754591,97.52921535893155
19,Spirit Airlines,Seat Comfort,Very Good,5,74,2.4707846410684473,97.52921535893155,100.0
20,Spirit Airlines,Staff Service,Good,4,155,5.175292153589315,0.0,5.175292153589315
21,Spirit Airlines,Staff Service,Neutral,3,263,8.781302170283805,5.175292153589314,13.95659432387312
22,Spirit Airlines,Staff Service,Not good,2,656,21.903171953255427,13.956594323873116,35.85976627712854
23,Spirit Airlines,Staff Service,Poor,1,1693,56.52754590984975,35.85976627712854,92.38731218697829
24,Spirit Airlines,Staff Service,Very Good,5,228,7.612687813021703,92.38731218697829,100.0
25,Spirit Airlines,Value For Money,Good,4,52,1.7362270450751252,0.0,1.7362270450751252
26,Spirit Airlines,Value For Money,Neutral,3,87,2.9048414023372287,1.7362270450751254,4.641068447412354
27,Spirit Airlines,Value For Money,Not good,2,241,8.046744574290484,4.641068447412353,12.687813021702837
28,Spirit Airlines,Value For Money,Poor,1,2415,80.63439065108514,12.687813021702837,93.32220367278798
29,Spirit Airlines,Value For Money,Very Good,5,200,6.67779632721202,93.32220367278798,100.0
0,Skywest Airlines,Food & Beverages,Neutral,3,1,25.0,0.0,25.0
1,Skywest Airlines,Food & Beverages,Not good,2,1,25.0,25.0,50.0
2,Skywest Airlines,Food & Beverages,Poor,1,1,25.0,50.0,75.0
3,Skywest Airlines,Food & Beverages,Very Good,5,1,25.0,75.0,100.0
4,Skywest Airlines,Inflight Entertainment,Poor,1,4,100.0,0.0,100.0
5,Skywest Airlines,Overall Rating,Neutral,3,1,50.0,0.0,50.0
6,Skywest Airlines,Overall Rating,Not good,2,1,50.0,50.0,100.0
7,Skywest Airlines,Seat Comfort,Good,4,1,20.0,0.0,20.0
8,Skywest Airlines,Seat Comfort,Neutral,3,1,20.0,20.0,40.0
9,Skywest Airlines,Seat Comfort,Not good,2,1,20.0,40.0,60.0
10,Skywest Airlines,Seat Comfort,Very Good,5,2,40.0,60.0,100.0
11,Skywest Airlines,Staff Service,Good,4,1,20.0,0.0,20.0
12,Skywest Airlines,Staff Service,Neutral,3,1,20.0,20.0,40.0
13,Skywest Airlines,Staff Service,Poor,1,1,20.0,40.0,60.0
14,Skywest Airlines,Staff Service,Very Good,5,2,40.0,60.0,100.0
15,Skywest Airlines,Value For Money,Neutral,3,1,20.0,0.0,20.0
16,Skywest Airlines,Value For Money,Not good,2,1,20.0,20.0,40.0
17,Skywest Airlines,Value For Money,Poor,1,1,20.0,40.0,60.0
18,Skywest Airlines,Value For Money,Very Good,5,2,40.0,60.0,100.0
0,Southwest Airlines,Food & Beverages,Good,4,212,16.74565560821485,0.0,16.74565560821485
1,Southwest Airlines,Food & Beverages,Neutral,3,264,20.85308056872038,16.745655608214854,37.59873617693523
2,Southwest Airlines,Food & Beverages,Not good,2,183,14.454976303317535,37.59873617693523,52.05371248025277
3,Southwest Airlines,Food & Beverages,Poor,1,427,33.72827804107425,52.05371248025277,85.78199052132702
4,Southwest Airlines,Food & Beverages,Very Good,5,180,14.218009478672986,85.78199052132702,100.0
5,Southwest Airlines,Inflight Entertainment,Good,4,73,5.58530986993114,0.0,5.58530986993114
6,Southwest Airlines,Inflight Entertainment,Neutral,3,97,7.421576128538638,5.58530986993114,13.006885998469778
7,Southwest Airlines,Inflight Entertainment,Not good,2,97,7.421576128538638,13.006885998469777,20.428462127008416
8,Southwest Airlines,Inflight Entertainment,Poor,1,937,71.69089517980107,20.428462127008416,92.11935730680949
9,Southwest Airlines,Inflight Entertainment,Very Good,5,103,7.880642693190512,92.11935730680949,100.0
10,Southwest Airlines,Overall Rating,Good,4,50,4.9800796812749,0.0,4.9800796812749
11,Southwest Airlines,Overall Rating,Neutral,3,95,9.46215139442231,4.980079681274901,14.442231075697212
12,Southwest Airlines,Overall Rating,Not good,2,173,17.231075697211157,14.442231075697212,31.67330677290837
13,Southwest Airlines,Overall Rating,Poor,1,647,64.44223107569721,31.673306772908376,96.11553784860558
14,Southwest Airlines,Overall Rating,Very Good,5,39,3.8844621513944224,96.11553784860558,100.0
15,Southwest Airlines,Seat Comfort,Good,4,176,13.465952563121652,0.0,13.465952563121652
16,Southwest Airlines,Seat Comfort,Neutral,3,270,20.657995409334355,13.465952563121654,34.12394797245601
17,Southwest Airlines,Seat Comfort,Not good,2,220,16.832440703902066,34.12394797245601,50.956388676358074
18,Southwest Airlines,Seat Comfort,Poor,1,495,37.872991583779644,50.95638867635808,88.82938026013773
19,Southwest Airlines,Seat Comfort,Very Good,5,146,11.17061973986228,88.82938026013773,100.0
20,Southwest Airlines,Staff Service,Good,4,179,13.695485845447589,0.0,13.695485845447589
21,Southwest Airlines,Staff Service,Neutral,3,204,15.608263198163733,13.695485845447589,29.303749043611322
22,Southwest Airlines,Staff Service,Not good,2,125,9.563886763580719,29.303749043611326,38.867635807192045
23,Southwest Airlines,Staff Service,Poor,1,469,35.88370313695486,38.86763580719205,74.75133894414691
24,Southwest Airlines,Staff Service,Very Good,5,330,25.2486610558531,74.75133894414691,100.0
25,Southwest Airlines,Value For Money,Good,4,111,8.492731446059679,0.0,8.492731446059679
26,Southwest Airlines,Value For Money,Neutral,3,143,10.941086457536343,8.492731446059679,19.433817903596022
27,Southwest Airlines,Value For Money,Not good,2,175,13.389441469013008,19.433817903596022,32.82325937260903
28,Southwest Airlines,Value For Money,Poor,1,663,50.726855394032135,32.82325937260904,83.55011476664117
29,Southwest Airlines,Value For Money,Very Good,5,215,16.449885233358838,83.55011476664117,100.00000000000001
0,United Airlines,Food & Beverages,Good,4,170,5.683717820127048,0.0,5.683717820127048
1,United Airlines,Food & Beverages,Neutral,3,271,9.060514877967234,5.683717820127049,14.744232698094283
2,United Airlines,Food & Beverages,Not good,2,332,11.099966566365763,14.744232698094281,25.844199264460045
3,United Airlines,Food & Beverages,Poor,1,1198,40.05349381477767,25.844199264460045,65.89769307923771
4,United Airlines,Food & Beverages,Very Good,5,1020,34.10230692076229,65.89769307923771,100.0
5,United Airlines,Inflight Entertainment,Good,4,173,5.784018722835172,0.0,5.784018722835172
6,United Airlines,Inflight Entertainment,Neutral,3,246,8.224674022066198,5.784018722835173,14.00869274490137
7,United Airlines,Inflight Entertainment,Not good,2,241,8.057505850885992,14.00869274490137,22.066198595787363
8,United Airlines,Inflight Entertainment,Poor,1,2122,70.94617184887997,22.06619859578737,93.01237044466734
9,United Airlines,Inflight Entertainment,Very Good,5,209,6.987629555332665,93.01237044466734,100.0
10,United Airlines,Overall Rating,Good,4,72,2.807017543859649,0.0,2.807017543859649
11,United Airlines,Overall Rating,Neutral,3,176,6.861598440545809,2.807017543859649,9.668615984405458
12,United Airlines,Overall Rating,Not good,2,369,14.385964912280702,9.66861598440546,24.05458089668616
13,United Airlines,Overall Rating,Poor,1,1906,74.30799220272904,24.05458089668616,98.3625730994152
14,United Airlines,Overall Rating,Very Good,5,42,1.6374269005847955,98.3625730994152,100.0
15,United Airlines,Seat Comfort,Good,4,231,7.723169508525577,0.0,7.723169508525577
16,United Airlines,Seat Comfort,Neutral,3,435,14.543630892678033,7.723169508525578,22.26680040120361
17,United Airlines,Seat Comfort,Not good,2,508,16.98428619190906,22.266800401203614,39.251086593112674
18,United Airlines,Seat Comfort,Poor,1,1497,50.05015045135406,39.251086593112674,89.30123704446673
19,United Airlines,Seat Comfort,Very Good,5,320,10.698762955533267,89.30123704446673,100.0
20,United Airlines,Staff Service,Good,4,316,10.565028418589101,0.0,10.565028418589101
21,United Airlines,Staff Service,Neutral,3,444,14.844533600802407,10.565028418589101,25.409562019391508
22,United Airlines,Staff Service,Not good,2,375,12.537612838515546,25.40956201939151,37.94717485790706
23,United Airlines,Staff Service,Poor,1,1318,44.065529923102645,37.94717485790706,82.0127047810097
24,United Airlines,Staff Service,Very Good,5,538,17.987295218990305,82.01270478100969,100.0
25,United Airlines,Value For Money,Good,4,144,4.814443329989969,0.0,4.814443329989969
26,United Airlines,Value For Money,Neutral,3,197,6.586425944500167,4.81444332998997,11.400869274490137
27,United Airlines,Value For Money,Not good,2,345,11.534603811434303,11.40086927449014,22.935473085924443
28,United Airlines,Value For Money,Poor,1,2055,68.7061183550652,22.935473085924443,91.64159144098964
29,United Airlines,Value For Money,Very Good,5,250,8.358408559010364,91.64159144098963,100.0
0,Alaska Airlines,Food & Beverages,Good,4,118,17.352941176470587,0.0,17.352941176470587
1,Alaska Airlines,Food & Beverages,Neutral,3,125,18.38235294117647,17.352941176470587,35.73529411764706
2,Alaska Airlines,Food & Beverages,Not good,2,95,13.970588235294118,35.73529411764706,49.705882352941174
3,Alaska Airlines,Food & Beverages,Poor,1,223,32.794117647058826,49.705882352941174,82.5
4,Alaska Airlines,Food & Beverages,Very Good,5,119,17.5,82.5,100.0
5,Alaska Airlines,Inflight Entertainment,Good,4,84,13.354531001589825,0.0,13.354531001589825
6,Alaska Airlines,Inflight Entertainment,Neutral,3,148,23.52941176470588,13.354531001589823,36.883942766295704
7,Alaska Airlines,Inflight Entertainment,Not good,2,99,15.73926868044515,36.883942766295704,52.623211446740854
8,Alaska Airlines,Inflight Entertainment,Poor,1,211,33.54531001589825,52.623211446740854,86.1685214626391
9,Alaska Airlines,Inflight Entertainment,Very Good,5,87,13.831478537360889,86.1685214626391,100.0
10,Alaska Airlines,Overall Rating,Good,4,32,5.95903165735568,0.0,5.95903165735568
11,Alaska Airlines,Overall Rating,Neutral,3,45,8.379888268156424,5.9590316573556805,14.338919925512105
12,Alaska Airlines,Overall Rating,Not good,2,95,17.690875232774676,14.338919925512105,32.02979515828678
13,Alaska Airlines,Overall Rating,Poor,1,346,64.43202979515829,32.02979515828679,96.46182495344507
14,Alaska Airlines,Overall Rating,Very Good,5,19,3.5381750465549344,96.46182495344507,100.00000000000001
15,Alaska Airlines,Seat Comfort,Good,4,99,14.102564102564102,0.0,14.102564102564102
16,Alaska Airlines,Seat Comfort,Neutral,3,144,20.51282051282051,14.102564102564102,34.61538461538461
17,Alaska Airlines,Seat Comfort,Not good,2,116,16.524216524216524,34.61538461538461,51.13960113960114
18,Alaska Airlines,Seat Comfort,Poor,1,229,32.62108262108262,51.13960113960114,83.76068376068376
19,Alaska Airlines,Seat Comfort,Very Good,5,114,16.23931623931624,83.76068376068376,100.0
20,Alaska Airlines,Staff Service,Good,4,86,12.250712250712251,0.0,12.250712250712251
21,Alaska Airlines,Staff Service,Neutral,3,94,13.390313390313391,12.250712250712251,25.641025641025642
22,Alaska Airlines,Staff Service,Not good,2,83,11.823361823361823,25.641025641025642,37.464387464387464
23,Alaska Airlines,Staff Service,Poor,1,245,34.9002849002849,37.46438746438747,72.36467236467237
24,Alaska Airlines,Staff Service,Very Good,5,194,27.635327635327634,72.36467236467237,100.0
25,Alaska Airlines,Value For Money,Good,4,69,9.82905982905983,0.0,9.82905982905983
26,Alaska Airlines,Value For Money,Neutral,3,50,7.122507122507122,9.82905982905983,16.951566951566953
27,Alaska Airlines,Value For Money,Not good,2,102,14.529914529914532,16.951566951566953,31.481481481481485
28,Alaska Airlines,Value For Money,Poor,1,382,54.41595441595442,31.48148148148148,85.8974358974359
29,Alaska Airlines,Value For Money,Very Good,5,99,14.102564102564102,85.8974358974359,100.0
0,Hawaiian Airlines,Food & Beverages,Good,4,33,12.087912087912088,0.0,12.087912087912088
1,Hawaiian Airlines,Food & Beverages,Neutral,3,53,19.413919413919416,12.087912087912088,31.501831501831504
2,Hawaiian Airlines,Food & Beverages,Not good,2,50,18.315018315018314,31.501831501831504,49.81684981684982
3,Hawaiian Airlines,Food & Beverages,Poor,1,113,41.39194139194139,49.816849816849825,91.20879120879121
4,Hawaiian Airlines,Food & Beverages,Very Good,5,24,8.791208791208792,91.20879120879121,100.0
5,Hawaiian Airlines,Inflight Entertainment,Good,4,32,12.030075187969924,0.0,12.030075187969924
6,Hawaiian Airlines,Inflight Entertainment,Neutral,3,53,19.924812030075188,12.030075187969924,31.954887218045112
7,Hawaiian Airlines,Inflight Entertainment,Not good,2,54,20.30075187969925,31.954887218045116,52.255639097744364
8,Hawaiian Airlines,Inflight Entertainment,Poor,1,106,39.849624060150376,52.255639097744364,92.10526315789474
9,Hawaiian Airlines,Inflight Entertainment,Very Good,5,21,7.894736842105263,92.10526315789474,100.0
10,Hawaiian Airlines,Overall Rating,Good,4,13,6.046511627906977,0.0,6.046511627906977
11,Hawaiian Airlines,Overall Rating,Neutral,3,30,13.953488372093023,6.046511627906977,20.0
12,Hawaiian Airlines,Overall Rating,Not good,2,46,21.3953488372093,19.999999999999996,41.3953488372093
13,Hawaiian Airlines,Overall Rating,Poor,1,116,53.95348837209303,41.395348837209305,95.34883720930233
14,Hawaiian Airlines,Overall Rating,Very Good,5,10,4.651162790697675,95.34883720930233,100.0
15,Hawaiian Airlines,Seat Comfort,Good,4,40,14.652014652014653,0.0,14.652014652014653
16,Hawaiian Airlines,Seat Comfort,Neutral,3,75,27.472527472527474,14.652014652014657,42.12454212454213
17,Hawaiian Airlines,Seat Comfort,Not good,2,44,16.117216117216117,42.12454212454213,58.24175824175825
18,Hawaiian Airlines,Seat Comfort,Poor,1,90,32.967032967032964,58.24175824175825,91.20879120879121
19,Hawaiian Airlines,Seat Comfort,Very Good,5,24,8.791208791208792,91.20879120879121,100.0
20,Hawaiian Airlines,Staff Service,Good,4,37,13.553113553113553,0.0,13.553113553113553
21,Hawaiian Airlines,Staff Service,Neutral,3,54,19.78021978021978,13.553113553113555,33.333333333333336
22,Hawaiian Airlines,Staff Service,Not good,2,40,14.652014652014653,33.33333333333333,47.985347985347985
23,Hawaiian Airlines,Staff Service,Poor,1,90,32.967032967032964,47.985347985347985,80.95238095238095
24,Hawaiian Airlines,Staff Service,Very Good,5,52,19.047619047619047,80.95238095238095,100.0
25,Hawaiian Airlines,Value For Money,Good,4,20,7.326007326007327,0.0,7.326007326007327
26,Hawaiian Airlines,Value For Money,Neutral,3,39,14.285714285714285,7.326007326007328,21.611721611721613
27,Hawaiian Airlines,Value For Money,Not good,2,49,17.94871794871795,21.611721611721613,39.56043956043956
28,Hawaiian Airlines,Value For Money,Poor,1,135,49.45054945054945,39.56043956043957,89.01098901098902
29,Hawaiian Airlines,Value For Money,Very Good,5,30,10.989010989010989,89.01098901098902,100.00000000000001
0,Jetblue Airways,Food & Beverages,Good,4,161,12.828685258964143,0.0,12.828685258964143
1,Jetblue Airways,Food & Beverages,Neutral,3,225,17.928286852589643,12.828685258964143,30.756972111553786
2,Jetblue Airways,Food & Beverages,Not good,2,261,20.796812749003983,30.756972111553786,51.55378486055777
3,Jetblue Airways,Food & Beverages,Poor,1,431,34.342629482071715,51.55378486055777,85.89641434262948
4,Jetblue Airways,Food & Beverages,Very Good,5,177,14.103585657370518,85.89641434262948,100.0
5,Jetblue Airways,Inflight Entertainment,Good,4,153,12.181528662420382,0.0,12.181528662420382
6,Jetblue Airways,Inflight Entertainment,Neutral,3,212,16.878980891719745,12.18152866242038,29.060509554140125
7,Jetblue Airways,Inflight Entertainment,Not good,2,252,20.063694267515924,29.06050955414013,49.12420382165605
8,Jetblue Airways,Inflight Entertainment,Poor,1,402,32.00636942675159,49.12420382165605,81.13057324840764
9,Jetblue Airways,Inflight Entertainment,Very Good,5,237,18.869426751592357,81.13057324840764,100.0
10,Jetblue Airways,Overall Rating,Good,4,37,3.312444046553268,0.0,3.312444046553268
11,Jetblue Airways,Overall Rating,Neutral,3,95,8.504923903312445,3.312444046553267,11.817367949865712
12,Jetblue Airways,Overall Rating,Not good,2,191,17.099373321396598,11.817367949865712,28.91674127126231
13,Jetblue Airways,Overall Rating,Poor,1,768,68.75559534467324,28.91674127126231,97.67233661593555
14,Jetblue Airways,Overall Rating,Very Good,5,26,2.3276633840644583,97.67233661593555,100.00000000000001
15,Jetblue Airways,Seat Comfort,Good,4,162,12.66614542611415,0.0,12.66614542611415
16,Jetblue Airways,Seat Comfort,Neutral,3,252,19.702892885066458,12.666145426114152,32.36903831118061
17,Jetblue Airways,Seat Comfort,Not good,2,174,13.604378420641124,32.36903831118061,45.973416731821736
18,Jetblue Airways,Seat Comfort,Poor,1,507,39.640344018764665,45.97341673182174,85.61376075058641
19,Jetblue Airways,Seat Comfort,Very Good,5,184,14.386239249413604,85.61376075058641,100.00000000000001
20,Jetblue Airways,Staff Service,Good,4,150,11.727912431587177,0.0,11.727912431587177
21,Jetblue Airways,Staff Service,Neutral,3,206,16.10633307271306,11.727912431587175,27.834245504300235
22,Jetblue Airways,Staff Service,Not good,2,144,11.25879593432369,27.834245504300238,39.09304143862393
23,Jetblue Airways,Staff Service,Poor,1,556,43.471462079749806,39.09304143862392,82.56450351837373
24,Jetblue Airways,Staff Service,Very Good,5,223,17.43549648162627,82.56450351837373,100.0
25,Jetblue Airways,Value For Money,Good,4,45,3.5183737294761532,0.0,3.5183737294761532
26,Jetblue Airways,Value For Money,Neutral,3,120,9.382329945269742,3.518373729476153,12.900703674745895
27,Jetblue Airways,Value For Money,Not good,2,129,10.086004691164971,12.900703674745893,22.986708365910864
28,Jetblue Airways,Value For Money,Poor,1,860,67.24003127443315,22.98670836591087,90.22673964034402
29,Jetblue Airways,Value For Money,Very Good,5,125,9.773260359655982,90.22673964034402,100.0
0,Eithad Airways,Food & Beverages,Good,4,146,13.851992409867172,0.0,13.851992409867172
1,Eithad Airways,Food & Beverages,Neutral,3,200,18.975332068311197,13.851992409867172,32.82732447817837
2,Eithad Airways,Food & Beverages,Not good,2,194,18.40607210626186,32.82732447817837,51.23339658444023
3,Eithad Airways,Food & Beverages,Poor,1,398,37.76091081593928,51.23339658444023,88.99430740037951
4,Eithad Airways,Food & Beverages,Very Good,5,116,11.005692599620494,88.99430740037951,100.0
5,Eithad Airways,Inflight Entertainment,Good,4,204,19.35483870967742,0.0,19.35483870967742
6,Eithad Airways,Inflight Entertainment,Neutral,3,271,25.711574952561673,19.35483870967742,45.06641366223909
7,Eithad Airways,Inflight Entertainment,Not good,2,221,20.967741935483872,45.066413662239086,66.03415559772296
8,Eithad Airways,Inflight Entertainment,Poor,1,227,21.537001897533205,66.03415559772296,87.57115749525616
9,Eithad Airways,Inflight Entertainment,Very Good,5,131,12.428842504743832,87.57115749525616,99.99999999999999
10,Eithad Airways,Overall Rating,Good,4,56,6.90505548705302,0.0,6.90505548705302
11,Eithad Airways,Overall Rating,Neutral,3,109,13.440197287299629,6.905055487053019,20.345252774352648
12,Eithad Airways,Overall Rating,Not good,2,177,21.8249075215783,20.345252774352648,42.17016029593095
13,Eithad Airways,Overall Rating,Poor,1,409,50.43156596794082,42.17016029593095,92.60172626387177
14,Eithad Airways,Overall Rating,Very Good,5,60,7.398273736128237,92.60172626387177,100.0
15,Eithad Airways,Seat Comfort,Good,4,176,16.698292220113853,0.0,16.698292220113853
16,Eithad Airways,Seat Comfort,Neutral,3,255,24.193548387096776,16.69829222011385,40.891840607210625
17,Eithad Airways,Seat Comfort,Not good,2,211,20.01897533206831,40.891840607210625,60.91081593927893
18,Eithad Airways,Seat Comfort,Poor,1,297,28.178368121442126,60.91081593927894,89.08918406072107
19,Eithad Airways,Seat Comfort,Very Good,5,115,10.910815939278939,89.08918406072107,100.0
20,Eithad Airways,Staff Service,Good,4,143,13.567362428842506,0.0,13.567362428842506
21,Eithad Airways,Staff Service,Neutral,3,172,16.318785578747626,13.567362428842504,29.88614800759013
22,Eithad Airways,Staff Service,Not good,2,182,17.267552182163186,29.88614800759013,47.153700189753316
23,Eithad Airways,Staff Service,Poor,1,365,34.629981024667934,47.153700189753316,81.78368121442125
24,Eithad Airways,Staff Service,Very Good,5,192,18.216318785578746,81.78368121442125,100.0
25,Eithad Airways,Value For Money,Good,4,101,9.582542694497153,0.0,9.582542694497153
26,Eithad Airways,Value For Money,Neutral,3,174,16.508538899430743,9.582542694497153,26.091081593927896
27,Eithad Airways,Value For Money,Not good,2,172,16.318785578747626,26.091081593927893,42.40986717267552
28,Eithad Airways,Value For Money,Poor,1,487,46.20493358633776,42.40986717267552,88.61480075901328
29,Eithad Airways,Value For Money,Very Good,5,120,11.385199240986717,88.61480075901328,100.0
0,American Airlines,Food & Beverages,Good,4,1162,38.78504672897196,0.0,38.78504672897196
1,American Airlines,Food & Beverages,Neutral,3,229,7.643524699599466,38.78504672897196,46.42857142857143
2,American Airlines,Food & Beverages,Not good,2,298,9.946595460614152,46.42857142857143,56.37516688918558
3,American Airlines,Food & Beverages,Poor,1,1202,40.120160213618156,56.375166889185586,96.49532710280374
4,American Airlines,Food & Beverages,Very Good,5,105,3.5046728971962615,96.49532710280374,100.0
5,American Airlines,Inflight Entertainment,Good,4,127,4.238985313751669,0.0,4.238985313751669
6,American Airlines,Inflight Entertainment,Neutral,3,224,7.476635514018691,4.238985313751668,11.715620827770358
7,American Airlines,Inflight Entertainment,Not good,2,234,7.810413885180241,11.715620827770357,19.526034712950597
8,American Airlines,Inflight Entertainment,Poor,1,2270,75.76769025367156,19.526034712950604,95.29372496662216
9,American Airlines,Inflight Entertainment,Very Good,5,141,4.706275033377837,95.29372496662216,100.0
10,American Airlines,Overall Rating,Good,4,57,2.0652173913043477,0.0,2.0652173913043477
11,American Airlines,Overall Rating,Neutral,3,160,5.797101449275362,2.0652173913043477,7.86231884057971
12,American Airlines,Overall Rating,Not good,2,369,13.369565217391305,7.862318840579711,21.231884057971016
13,American Airlines,Overall Rating,Poor,1,2137,77.42753623188405,21.231884057971016,98.65942028985506
14,American Airlines,Overall Rating,Very Good,5,37,1.3405797101449275,98.65942028985506,99.99999999999999
15,American Airlines,Seat Comfort,Good,4,358,11.949265687583445,0.0,11.949265687583445
16,American Airlines,Seat Comfort,Neutral,3,448,14.953271028037381,11.949265687583445,26.902536715620826
17,American Airlines,Seat Comfort,Not good,2,554,18.4913217623498,26.902536715620826,45.393858477970625
18,American Airlines,Seat Comfort,Poor,1,1507,50.300400534045394,45.393858477970625,95.69425901201602
19,American Airlines,Seat Comfort,Very Good,5,129,4.305740987983979,95.69425901201602,100.0
20,American Airlines,Staff Service,Good,4,240,8.01068090787717,0.0,8.01068090787717
21,American Airlines,Staff Service,Neutral,3,433,14.452603471295062,8.010680907877168,22.46328437917223
22,American Airlines,Staff Service,Not good,2,612,20.427236315086784,22.463284379172226,42.89052069425901
23,American Airlines,Staff Service,Poor,1,1461,48.765020026702274,42.89052069425901,91.65554072096128
24,American Airlines,Staff Service,Very Good,5,250,8.344459279038718,91.65554072096128,100.0
25,American Airlines,Value For Money,Good,4,94,3.1375166889185584,0.0,3.1375166889185584
26,American Airlines,Value For Money,Neutral,3,187,6.241655540720961,3.1375166889185575,9.379172229639519
27,American Airlines,Value For Money,Not good,2,304,10.14686248331108,9.379172229639517,19.526034712950597
28,American Airlines,Value For Money,Poor,1,2268,75.70093457943925,19.52603471295059,95.22696929238984
29,American Airlines,Value For Money,Very Good,5,143,4.773030707610147,95.22696929238984,99.99999999999999
0,Air New Zealand,Food & Beverages,Good,4,90,19.65065502183406,0.0,19.65065502183406
1,Air New Zealand,Food & Beverages,Neutral,3,81,17.685589519650655,19.650655021834062,37.33624454148472
2,Air New Zealand,Food & Beverages,Not good,2,62,13.537117903930133,37.33624454148472,50.87336244541485
3,Air New Zealand,Food & Beverages,Poor,1,114,24.890829694323145,50.87336244541484,75.76419213973799
4,Air New Zealand,Food & Beverages,Very Good,5,111,24.23580786026201,75.76419213973799,100.0
5,Air New Zealand,Inflight Entertainment,Good,4,101,22.394678492239468,0.0,22.394678492239468
6,Air New Zealand,Inflight Entertainment,Neutral,3,106,23.503325942350333,22.394678492239468,45.8980044345898
7,Air New Zealand,Inflight Entertainment,Not good,2,50,11.086474501108649,45.8980044345898,56.98447893569845
8,Air New Zealand,Inflight Entertainment,Poor,1,81,17.96008869179601,56.98447893569844,74.94456762749445
9,Air New Zealand,Inflight Entertainment,Very Good,5,113,25.055432372505543,74.94456762749445,100.0
10,Air New Zealand,Overall Rating,Good,4,21,7.142857142857142,0.0,7.142857142857142
11,Air New Zealand,Overall Rating,Neutral,3,48,16.3265306122449,7.142857142857142,23.46938775510204
12,Air New Zealand,Overall Rating,Not good,2,59,20.068027210884352,23.46938775510204,43.53741496598639
13,Air New Zealand,Overall Rating,Poor,1,146,49.65986394557823,43.53741496598639,93.19727891156462
14,Air New Zealand,Overall Rating,Very Good,5,20,6.802721088435375,93.19727891156462,100.0
15,Air New Zealand,Seat Comfort,Good,4,88,19.213973799126638,0.0,19.213973799126638
16,Air New Zealand,Seat Comfort,Neutral,3,99,21.61572052401747,19.21397379912664,40.82969432314411
17,Air New Zealand,Seat Comfort,Not good,2,78,17.03056768558952,40.82969432314411,57.86026200873363
18,Air New Zealand,Seat Comfort,Poor,1,98,21.397379912663755,57.86026200873363,79.25764192139738
19,Air New Zealand,Seat Comfort,Very Good,5,95,20.74235807860262,79.25764192139738,100.0
20,Air New Zealand,Staff Service,Good,4,79,17.248908296943235,0.0,17.248908296943235
21,Air New Zealand,Staff Service,Neutral,3,67,14.628820960698691,17.248908296943235,31.877729257641924
22,Air New Zealand,Staff Service,Not good,2,53,11.572052401746726,31.877729257641924,43.44978165938865
23,Air New Zealand,Staff Service,Poor,1,106,23.144104803493452,43.44978165938865,66.5938864628821
24,Air New Zealand,Staff Service,Very Good,5,153,33.4061135371179,66.5938864628821,100.0
25,Air New Zealand,Value For Money,Good,4,60,13.100436681222707,0.0,13.100436681222707
26,Air New Zealand,Value For Money,Neutral,3,66,14.41048034934498,13.100436681222707,27.510917030567686
27,Air New Zealand,Value For Money,Not good,2,64,13.973799126637553,27.51091703056769,41.48471615720524
28,Air New Zealand,Value For Money,Poor,1,187,40.8296943231441,41.48471615720525,82.31441048034935
29,Air New Zealand,Value For Money,Very Good,5,81,17.685589519650655,82.31441048034935,100.0
0,Air India,Food & Beverages,Good,4,137,15.393258426966291,0.0,15.393258426966291
1,Air India,Food & Beverages,Neutral,3,151,16.96629213483146,15.393258426966288,32.35955056179775
2,Air India,Food & Beverages,Not good,2,149,16.741573033707866,32.35955056179775,49.10112359550561
3,Air India,Food & Beverages,Poor,1,319,35.842696629213485,49.10112359550562,84.9438202247191
4,Air India,Food & Beverages,Very Good,5,134,15.056179775280897,84.9438202247191,100.0
5,Air India,Inflight Entertainment,Good,4,96,11.021814006888633,0.0,11.021814006888633
6,Air India,Inflight Entertainment,Neutral,3,139,15.958668197474168,11.021814006888633,26.9804822043628
7,Air India,Inflight Entertainment,Not good,2,128,14.695752009184845,26.9804822043628,41.676234213547644
8,Air India,Inflight Entertainment,Poor,1,461,52.9276693455798,41.676234213547644,94.60390355912745
9,Air India,Inflight Entertainment,Very Good,5,47,5.39609644087256,94.60390355912745,100.0
10,Air India,Overall Rating,Good,4,30,4.601226993865031,0.0,4.601226993865031
11,Air India,Overall Rating,Neutral,3,68,10.429447852760736,4.601226993865032,15.030674846625768
12,Air India,Overall Rating,Not good,2,116,17.791411042944784,15.030674846625768,32.82208588957055
13,Air India,Overall Rating,Poor,1,410,62.88343558282209,32.822085889570545,95.70552147239263
14,Air India,Overall Rating,Very Good,5,28,4.294478527607362,95.70552147239263,100.0
15,Air India,Seat Comfort,Good,4,113,12.668161434977579,0.0,12.668161434977579
16,Air India,Seat Comfort,Neutral,3,146,16.367713004484305,12.66816143497758,29.035874439461885
17,Air India,Seat Comfort,Not good,2,150,16.81614349775785,29.035874439461885,45.852017937219735
18,Air India,Seat Comfort,Poor,1,338,37.89237668161435,45.85201793721974,83.7443946188341
19,Air India,Seat Comfort,Very Good,5,145,16.255605381165918,83.7443946188341,100.00000000000001
20,Air India,Staff Service,Good,4,113,12.668161434977579,0.0,12.668161434977579
21,Air India,Staff Service,Neutral,3,157,17.60089686098655,12.66816143497758,30.26905829596413
22,Air India,Staff Service,Not good,2,121,13.565022421524663,30.269058295964125,43.83408071748879
23,Air India,Staff Service,Poor,1,318,35.65022421524663,43.834080717488796,79.48430493273543
24,Air India,Staff Service,Very Good,5,183,20.515695067264573,79.48430493273543,100.0
25,Air India,Value For Money,Good,4,92,10.31390134529148,0.0,10.31390134529148
26,Air India,Value For Money,Neutral,3,82,9.192825112107624,10.31390134529148,19.506726457399104
27,Air India,Value For Money,Not good,2,115,12.892376681614351,19.506726457399104,32.399103139013455
28,Air India,Value For Money,Poor,1,454,50.89686098654709,32.399103139013455,83.29596412556054
29,Air India,Value For Money,Very Good,5,149,16.704035874439462,83.29596412556054,100.0
0,Air Tahiti Nui,Food & Beverages,Good,4,4,10.256410256410255,0.0,10.256410256410255
1,Air Tahiti Nui,Food & Beverages,Neutral,3,6,15.384615384615385,10.256410256410257,25.641025641025642
2,Air Tahiti Nui,Food & Beverages,Not good,2,7,17.94871794871795,25.641025641025642,43.58974358974359
3,Air Tahiti Nui,Food & Beverages,Poor,1,17,43.58974358974359,43.58974358974359,87.17948717948718
4,Air Tahiti Nui,Food & Beverages,Very Good,5,5,12.82051282051282,87.17948717948718,100.0
5,Air Tahiti Nui,Inflight Entertainment,Good,4,3,7.6923076923076925,0.0,7.6923076923076925
6,Air Tahiti Nui,Inflight Entertainment,Neutral,3,7,17.94871794871795,7.692307692307693,25.641025641025642
7,Air Tahiti Nui,Inflight Entertainment,Not good,2,9,23.076923076923077,25.64102564102564,48.717948717948715
8,Air Tahiti Nui,Inflight Entertainment,Poor,1,15,38.46153846153847,48.717948717948715,87.17948717948718
9,Air Tahiti Nui,Inflight Entertainment,Very Good,5,5,12.82051282051282,87.17948717948718,100.0
10,Air Tahiti Nui,Overall Rating,Good,4,3,9.375,0.0,9.375
11,Air Tahiti Nui,Overall Rating,Neutral,3,3,9.375,9.375,18.75
12,Air Tahiti Nui,Overall Rating,Not good,2,3,9.375,18.75,28.125
13,Air Tahiti Nui,Overall Rating,Poor,1,21,65.625,28.125,93.75
14,Air Tahiti Nui,Overall Rating,Very Good,5,2,6.25,93.75,100.0
15,Air Tahiti Nui,Seat Comfort,Good,4,3,7.6923076923076925,0.0,7.6923076923076925
16,Air Tahiti Nui,Seat Comfort,Neutral,3,10,25.64102564102564,7.69230769230769,33.33333333333333
17,Air Tahiti Nui,Seat Comfort,Not good,2,12,30.76923076923077,33.33333333333333,64.1025641025641
18,Air Tahiti Nui,Seat Comfort,Poor,1,11,28.205128205128204,64.1025641025641,92.3076923076923
19,Air Tahiti Nui,Seat Comfort,Very Good,5,3,7.6923076923076925,92.3076923076923,100.0
20,Air Tahiti Nui,Staff Service,Good,4,8,20.51282051282051,0.0,20.51282051282051
21,Air Tahiti Nui,Staff Service,Neutral,3,7,17.94871794871795,20.51282051282051,38.46153846153846
22,Air Tahiti Nui,Staff Service,Not good,2,6,15.384615384615385,38.46153846153846,53.84615384615385
23,Air Tahiti Nui,Staff Service,Poor,1,10,25.64102564102564,53.846153846153854,79.48717948717949
24,Air Tahiti Nui,Staff Service,Very Good,5,8,20.51282051282051,79.48717948717949,100.0
25,Air Tahiti Nui,Value For Money,Good,4,1,2.564102564102564,0.0,2.564102564102564
26,Air Tahiti Nui,Value For Money,Neutral,3,7,17.94871794871795,2.564102564102562,20.51282051282051
27,Air Tahiti Nui,Value For Money,Not good,2,6,15.384615384615385,20.51282051282051,35.8974358974359
28,Air Tahiti Nui,Value For Money,Poor,1,22,56.41025641025641,35.8974358974359,92.3076923076923
29,Air Tahiti Nui,Value For Money,Very Good,5,3,7.6923076923076925,92.3076923076923,100.0
0,Copa Airlines,Food & Beverages,Good,4,45,17.374517374517374,0.0,17.374517374517374
1,Copa Airlines,Food & Beverages,Neutral,3,50,19.305019305019304,17.374517374517378,36.67953667953668
2,Copa Airlines,Food & Beverages,Not good,2,43,16.602316602316602,36.67953667953668,53.28185328185329
3,Copa Airlines,Food & Beverages,Poor,1,100,38.61003861003861,53.281853281853294,91.8918918918919
4,Copa Airlines,Food & Beverages,Very Good,5,21,8.108108108108109,91.8918918918919,100.00000000000001
5,Copa Airlines,Inflight Entertainment,Good,4,31,12.156862745098039,0.0,12.156862745098039
6,Copa Airlines,Inflight Entertainment,Neutral,3,55,21.568627450980394,12.156862745098039,33.72549019607843
7,Copa Airlines,Inflight Entertainment,Not good,2,48,18.823529411764707,33.725490196078425,52.549019607843135
8,Copa Airlines,Inflight Entertainment,Poor,1,111,43.529411764705884,52.549019607843135,96.07843137254902
9,Copa Airlines,Inflight Entertainment,Very Good,5,10,3.9215686274509802,96.07843137254902,100.0
10,Copa Airlines,Overall Rating,Good,4,9,4.186046511627907,0.0,4.186046511627907
11,Copa Airlines,Overall Rating,Neutral,3,17,7.906976744186046,4.186046511627907,12.093023255813954
12,Copa Airlines,Overall Rating,Not good,2,20,9.30232558139535,12.093023255813955,21.395348837209305
13,Copa Airlines,Overall Rating,Poor,1,156,72.55813953488372,21.395348837209312,93.95348837209303
14,Copa Airlines,Overall Rating,Very Good,5,13,6.046511627906977,93.95348837209303,100.00000000000001
15,Copa Airlines,Seat Comfort,Good,4,39,14.885496183206106,0.0,14.885496183206106
16,Copa Airlines,Seat Comfort,Neutral,3,53,20.229007633587788,14.885496183206104,35.11450381679389
17,Copa Airlines,Seat Comfort,Not good,2,50,19.083969465648856,35.11450381679389,54.19847328244275
18,Copa Airlines,Seat Comfort,Poor,1,99,37.786259541984734,54.19847328244275,91.98473282442748
19,Copa Airlines,Seat Comfort,Very Good,5,21,8.015267175572518,91.98473282442748,100.0
20,Copa Airlines,Staff Service,Good,4,52,19.84732824427481,0.0,19.84732824427481
21,Copa Airlines,Staff Service,Neutral,3,43,16.412213740458014,19.847328244274806,36.25954198473282
22,Copa Airlines,Staff Service,Not good,2,35,13.358778625954198,36.25954198473282,49.61832061068702
23,Copa Airlines,Staff Service,Poor,1,91,34.73282442748092,49.61832061068702,84.35114503816794
24,Copa Airlines,Staff Service,Very Good,5,41,15.648854961832063,84.35114503816794,100.0
25,Copa Airlines,Value For Money,Good,4,24,9.16030534351145,0.0,9.16030534351145
26,Copa Airlines,Value For Money,Neutral,3,22,8.396946564885496,9.16030534351145,17.557251908396946
27,Copa Airlines,Value For Money,Not good,2,25,9.541984732824428,17.557251908396946,27.099236641221374
28,Copa Airlines,Value For Money,Poor,1,165,62.97709923664122,27.099236641221367,90.07633587786259
29,Copa Airlines,Value For Money,Very Good,5,26,9.923664122137405,90.07633587786259,100.0
0,Virgin Atlantic Airways,Food & Beverages,Good,4,64,24.06015037593985,0.0,24.06015037593985
1,Virgin Atlantic Airways,Food & Beverages,Neutral,3,42,15.789473684210526,24.06015037593985,39.849624060150376
2,Virgin Atlantic Airways,Food & Beverages,Not good,2,28,10.526315789473683,39.849624060150376,50.37593984962406
3,Virgin Atlantic Airways,Food & Beverages,Poor,1,68,25.563909774436087,50.37593984962406,75.93984962406014
4,Virgin Atlantic Airways,Food & Beverages,Very Good,5,64,24.06015037593985,75.93984962406014,100.0
5,Virgin Atlantic Airways,Inflight Entertainment,Good,4,56,21.052631578947366,0.0,21.052631578947366
6,Virgin Atlantic Airways,Inflight Entertainment,Neutral,3,50,18.796992481203006,21.05263157894737,39.849624060150376
7,Virgin Atlantic Airways,Inflight Entertainment,Not good,2,33,12.406015037593985,39.849624060150376,52.255639097744364
8,Virgin Atlantic Airways,Inflight Entertainment,Poor,1,48,18.045112781954884,52.255639097744364,70.30075187969925
9,Virgin Atlantic Airways,Inflight Entertainment,Very Good,5,79,29.69924812030075,70.30075187969925,100.0
10,Virgin Atlantic Airways,Overall Rating,Good,4,18,13.23529411764706,0.0,13.23529411764706
11,Virgin Atlantic Airways,Overall Rating,Neutral,3,24,17.647058823529413,13.235294117647058,30.88235294117647
12,Virgin Atlantic Airways,Overall Rating,Not good,2,19,13.970588235294118,30.88235294117647,44.85294117647059
13,Virgin Atlantic Airways,Overall Rating,Poor,1,61,44.85294117647059,44.85294117647059,89.70588235294117
14,Virgin Atlantic Airways,Overall Rating,Very Good,5,14,10.294117647058822,89.70588235294117,100.0
15,Virgin Atlantic Airways,Seat Comfort,Good,4,58,21.804511278195488,0.0,21.804511278195488
16,Virgin Atlantic Airways,Seat Comfort,Neutral,3,54,20.30075187969925,21.80451127819549,42.10526315789474
17,Virgin Atlantic Airways,Seat Comfort,Not good,2,37,13.909774436090224,42.10526315789474,56.015037593984964
18,Virgin Atlantic Airways,Seat Comfort,Poor,1,64,24.06015037593985,56.015037593984964,80.07518796992481
19,Virgin Atlantic Airways,Seat Comfort,Very Good,5,53,19.924812030075188,80.07518796992481,100.0
20,Virgin Atlantic Airways,Staff Service,Good,4,43,16.165413533834585,0.0,16.165413533834585
21,Virgin Atlantic Airways,Staff Service,Neutral,3,30,11.278195488721805,16.16541353383458,27.443609022556387
22,Virgin Atlantic Airways,Staff Service,Not good,2,28,10.526315789473683,27.443609022556387,37.96992481203007
23,Virgin Atlantic Airways,Staff Service,Poor,1,44,16.541353383458645,37.96992481203007,54.511278195488714
24,Virgin Atlantic Airways,Staff Service,Very Good,5,121,45.48872180451128,54.51127819548872,100.0
25,Virgin Atlantic Airways,Value For Money,Good,4,65,24.43609022556391,0.0,24.43609022556391
26,Virgin Atlantic Airways,Value For Money,Neutral,3,34,12.781954887218044,24.43609022556391,37.21804511278195
27,Virgin Atlantic Airways,Value For Money,Not good,2,26,9.774436090225564,37.21804511278195,46.992481203007515
28,Virgin Atlantic Airways,Value For Money,Poor,1,82,30.82706766917293,46.992481203007515,77.81954887218045
29,Virgin Atlantic Airways,Value For Money,Very Good,5,59,22.18045112781955,77.81954887218045,100.0
0,Frontier Airlines,Food & Beverages,Good,4,18,0.6032171581769437,0.0,0.6032171581769437
1,Frontier Airlines,Food & Beverages,Neutral,3,41,1.3739946380697052,0.6032171581769437,1.977211796246649
2,Frontier Airlines,Food & Beverages,Not good,2,75,2.513404825737265,1.9772117962466491,4.490616621983914
3,Frontier Airlines,Food & Beverages,Poor,1,1213,40.65013404825738,4.490616621983911,45.14075067024129
4,Frontier Airlines,Food & Beverages,Very Good,5,1637,54.85924932975871,45.14075067024129,100.0
5,Frontier Airlines,Inflight Entertainment,Good,4,5,0.1675603217158177,0.0,0.1675603217158177
6,Frontier Airlines,Inflight Entertainment,Neutral,3,3,0.10053619302949061,0.1675603217158177,0.2680965147453083
7,Frontier Airlines,Inflight Entertainment,Not good,2,21,0.7037533512064343,0.2680965147453084,0.9718498659517427
8,Frontier Airlines,Inflight Entertainment,Poor,1,2952,98.92761394101876,0.9718498659517394,99.8994638069705
9,Frontier Airlines,Inflight Entertainment,Very Good,5,3,0.10053619302949061,99.8994638069705,99.99999999999999
10,Frontier Airlines,Overall Rating,Good,4,26,0.91324200913242,0.0,0.91324200913242
11,Frontier Airlines,Overall Rating,Neutral,3,63,2.212855637513172,0.91324200913242,3.126097646645592
12,Frontier Airlines,Overall Rating,Not good,2,222,7.797681770284511,3.126097646645592,10.923779416930103
13,Frontier Airlines,Overall Rating,Poor,1,2520,88.51422550052686,10.923779416930103,99.43800491745696
14,Frontier Airlines,Overall Rating,Very Good,5,16,0.5619950825430278,99.43800491745696,99.99999999999999
15,Frontier Airlines,Seat Comfort,Good,4,67,2.245308310991957,0.0,2.245308310991957
16,Frontier Airlines,Seat Comfort,Neutral,3,204,6.8364611260053625,2.245308310991957,9.08176943699732
17,Frontier Airlines,Seat Comfort,Not good,2,364,12.198391420911529,9.081769436997318,21.280160857908847
18,Frontier Airlines,Seat Comfort,Poor,1,2029,67.99597855227883,21.280160857908854,89.27613941018768
19,Frontier Airlines,Seat Comfort,Very Good,5,320,10.723860589812332,89.27613941018768,100.00000000000001
20,Frontier Airlines,Staff Service,Good,4,130,4.3565683646112605,0.0,4.3565683646112605
21,Frontier Airlines,Staff Service,Neutral,3,274,9.18230563002681,4.35656836461126,13.53887399463807
22,Frontier Airlines,Staff Service,Not good,2,367,12.298927613941018,13.53887399463807,25.83780160857909
23,Frontier Airlines,Staff Service,Poor,1,1720,57.64075067024129,25.837801608579085,83.47855227882037
24,Frontier Airlines,Staff Service,Very Good,5,493,16.521447721179623,83.47855227882037,100.0
25,Frontier Airlines,Value For Money,Good,4,38,1.2734584450402144,0.0,1.2734584450402144
26,Frontier Airlines,Value For Money,Neutral,3,105,3.518766756032172,1.2734584450402147,4.7922252010723865
27,Frontier Airlines,Value For Money,Not good,2,232,7.774798927613941,4.7922252010723865,12.567024128686327
28,Frontier Airlines,Value For Money,Poor,1,2485,83.27747989276139,12.567024128686327,95.84450402144772
29,Frontier Airlines,Value For Money,Very Good,5,124,4.1554959785522785,95.84450402144772,100.0
